date,fini_net,trust_net,dealer_net,futures_fini_long,futures_fini_short,futures_fini_net,pcr_oi,pcr_vol
2021-05-10,-2486919967.0,1668546789.0,-28858218.0,,,,,
2021-05-11,-42417950598.0,1518689796.0,-13792773069.0,,,,,
2021-05-12,-12212097529.0,289943284.0,-6300577047.0,,,,,
2021-05-13,-22695851858.0,866042117.0,-4114100036.0,,,,,
2021-05-14,-13660606015.0,2492694055.0,-3611814695.0,,,,,
2021-05-17,33390867461.0,1031082895.0,-1992720319.0,,,,,
2021-05-18,22140716989.0,1287331670.0,6410833578.0,,,,,
2021-05-19,-29399723958.0,2200732329.0,-599848420.0,,,,,
2021-05-20,-17095523680.0,-1060272738.0,-3745962865.0,,,,,
2021-05-21,17427644348.0,-708158472.0,380537772.0,,,,,
2021-05-24,-118151523.0,1711397844.0,1386619817.0,,,,,
2021-05-25,-1179875685.0,1389845624.0,4494358290.0,,,,,
2021-05-26,1962909803.0,260260184.0,2533245474.0,,,,,
2021-05-27,-12347141535.0,2579819393.0,-977334735.0,,,,,
2021-05-28,18696731543.0,3977028394.0,3458315972.0,,,,,
2021-05-31,13130027778.0,-42111098.0,2892075206.0,,,,,
2021-06-01,2022556472.0,744951234.0,1477758142.0,,,,,
2021-06-02,-9447926553.0,-406619171.0,2304593901.0,,,,,
2021-06-03,8154774716.0,766289683.0,3559682872.0,,,,,
2021-06-04,-16650625656.0,-47528128.0,325503426.0,,,,,
2021-06-07,-7821934980.0,1851078448.0,-1163846333.0,,,,,
2021-06-08,-6169869468.0,1435640170.0,-690318761.0,,,,,
2021-06-09,-14812578517.0,-230307715.0,-1289479341.0,,,,,
2021-06-10,18303601998.0,-1844618426.0,1705170015.0,,,,,
2021-06-11,10665170347.0,-101108925.0,-581766967.0,,,,,
2021-06-14,,,,,,,,
2021-06-15,14284878725.0,-1452510995.0,1720371648.0,,,,,
2021-06-16,-18172260960.0,-1163885615.0,2109354746.0,,,,,
2021-06-17,-6724345868.0,833684740.0,609136362.0,,,,,
2021-06-18,-15803765826.0,-2483794747.0,-1104436032.0,,,,,
2021-06-21,-33282242675.0,-615203590.0,-4836755758.0,,,,,
2021-06-22,-10782293606.0,278446152.0,-1225650901.0,,,,,
2021-06-23,10954115355.0,-1626517922.0,14192734899.0,,,,,
2021-06-24,4003971239.0,-25579039.0,3276003909.0,,,,,
2021-06-25,8794904561.0,966946877.0,3762927904.0,,,,,
2021-06-28,5365916724.0,-1752758533.0,1964662374.0,,,,,
2021-06-29,-14323370996.0,80105703.0,259668460.0,,,,,
2021-06-30,20412541733.0,-121408502.0,2716192872.0,,,,,
2021-07-01,-17956867328.0,-1456468630.0,-3154722445.0,,,,,
2021-07-02,-19990773016.0,-1846271487.0,-418607567.0,,,,,
2021-07-05,11516694256.0,-1407666074.0,6428354630.0,,,,,
2021-07-06,126632626.0,-293440639.0,-3108530098.0,,,,,
2021-07-07,-11686515287.0,-1321418440.0,-781001031.0,,,,,
2021-07-08,-3814302274.0,-1397574883.0,-1068129041.0,,,,,
2021-07-09,-41142708683.0,-514000087.0,-4712754834.0,,,,,
2021-07-12,15464192085.0,-3038513804.0,2547479202.0,,,,,
2021-07-13,22950093615.0,558779307.0,2141963292.0,,,,,
2021-07-14,15311794078.0,-3224467900.0,-370748525.0,,,,,
2021-07-15,16420321672.0,-1823549032.0,2092942318.0,,,,,
2021-07-16,-22544083711.0,-187401053.0,-4073484313.0,,,,,
2021-07-19,-42412667236.0,-866027731.0,-1520773662.0,,,,,
2021-07-20,-25548074047.0,-1433341258.0,-8376758557.0,,,,,
2021-07-21,-15902482719.0,-2041842020.0,-2294839018.0,,,,,
2021-07-22,35952643959.0,2109585181.0,624871750.0,,,,,
2021-07-23,2531140284.0,538820300.0,511138787.0,,,,,
2021-07-26,-17762019569.0,-566901565.0,-1988018451.0,,,,,
2021-07-27,-3576467330.0,-958672948.0,-101503315.0,,,,,
2021-07-28,-22015899645.0,-855242752.0,-599387092.0,,,,,
2021-07-29,19145732426.0,1269628932.0,2103978383.0,,,,,
2021-07-30,-17364685426.0,-97909733.0,-176592222.0,,,,,
2021-08-02,24568012807.0,-799752081.0,3655957055.0,,,,,
2021-08-03,951025448.0,-410884819.0,1007987263.0,,,,,
2021-08-04,10624581761.0,-2802336606.0,2029122190.0,,,,,
2021-08-05,4909713947.0,-1563302340.0,273249675.0,,,,,
2021-08-06,-8547334169.0,-977927300.0,-2659822511.0,,,,,
2021-08-09,-7010462776.0,157311170.0,-2561933570.0,,,,,
2021-08-10,-6408122980.0,428470371.0,-3138034192.0,,,,,
2021-08-11,6542434308.0,-371214837.0,-2670255441.0,,,,,
2021-08-12,5141423047.0,1206072527.0,-1113432920.0,,,,,
2021-08-13,-23640411772.0,1856860381.0,-4505917365.0,,,,,
2021-08-16,5153844688.0,-950941280.0,-4393208350.0,,,,,
2021-08-17,-8731692211.0,1393535523.0,-5815970202.0,,,,,
2021-08-18,-2248501747.0,1016901113.0,1880230078.0,,,,,
2021-08-19,-49684035009.0,1386558431.0,-5579889177.0,,,,,
2021-08-20,-12995947521.0,2012472656.0,-2463703860.0,,,,,
2021-08-23,14618175004.0,1836029840.0,2530271071.0,,,,,
2021-08-24,-11268610101.0,961498924.0,953491454.0,,,,,
2021-08-25,17105823487.0,730306277.0,1499642798.0,,,,,
2021-08-26,-15665692843.0,1110965800.0,-997409322.0,,,,,
2021-08-27,18229419183.0,-884470954.0,5403631634.0,,,,,
2021-08-30,21249912993.0,825212368.0,1913064462.0,,,,,
2021-08-31,25053105299.0,40664734.0,1315969606.0,,,,,
2021-09-01,14478674130.0,-592776745.0,2994594001.0,,,,,
2021-09-02,-2305266910.0,-856855569.0,-479857016.0,,,,,
2021-09-03,32084407153.0,864496798.0,4293869034.0,,,,,
2021-09-06,7665833374.0,-1252559575.0,-82113453.0,,,,,
2021-09-07,6700026274.0,-1488392384.0,-2157689142.0,,,,,
2021-09-08,-1075715084.0,-434523230.0,-7040585527.0,,,,,
2021-09-09,-631552555.0,337589613.0,-506502410.0,,,,,
2021-09-10,14968641460.0,457382200.0,2574826858.0,,,,,
2021-09-13,-552389272.0,126195294.0,-800131751.0,,,,,
2021-09-14,6547008804.0,751046520.0,-705347826.0,,,,,
2021-09-15,1861208195.0,2327395581.0,-7811796436.0,,,,,
2021-09-16,-4979201191.0,515936138.0,-2637048165.0,,,,,
2021-09-17,1618666071.0,1208765871.0,556338234.0,,,,,
2021-09-20,,,,,,,,
2021-09-21,,,,,,,,
2021-09-22,-35561675928.0,2108266684.0,-9344826463.0,,,,,
2021-09-23,3590426339.0,-257635788.0,-774270544.0,,,,,
2021-09-24,7909899644.0,134400279.0,856432834.0,,,,,
2021-09-27,10782643841.0,1040909616.0,201985873.0,,,,,
2021-09-28,-13955077942.0,-402543864.0,-1041141508.0,,,,,
2021-09-29,-35511404049.0,2919639897.0,-10692088096.0,,,,,
2021-09-30,-7889629715.0,2205296967.0,-804133590.0,,,,,
2021-10-01,-39646519926.0,1806924254.0,-6901814605.0,,,,,
2021-10-04,-3113456553.0,1134979814.0,-2438752269.0,,,,,
2021-10-05,-16344851977.0,3120952876.0,631331330.0,,,,,
2021-10-06,-23854056274.0,2315063250.0,-5071669866.0,,,,,
2021-10-07,23802490446.0,999778460.0,3078168373.0,,,,,
2021-10-08,-14560960030.0,1665636449.0,942964041.0,,,,,
2021-10-11,,,,,,,,
2021-10-12,-16826915277.0,730527870.0,-1486338224.0,,,,,
2021-10-13,-8527592359.0,1056548556.0,-740164657.0,,,,,
2021-10-14,3427092067.0,966448100.0,-838086552.0,,,,,
2021-10-15,27887491829.0,-487592380.0,2484633078.0,,,,,
2021-10-18,3285072852.0,-509136977.0,254474812.0,,,,,
2021-10-19,11078735558.0,1614875177.0,3859408774.0,,,,,
2021-10-20,-4986265981.0,1473549208.0,-1661825220.0,,,,,
2021-10-21,6864346443.0,-98505075.0,716607922.0,,,,,
2021-10-22,-902063885.0,466033539.0,244906598.0,,,,,
2021-10-25,4708451588.0,-186040759.0,723139588.0,,,,,
2021-10-26,6724349065.0,338629249.0,1185937953.0,,,,,
2021-10-27,2462569667.0,176273735.0,615917997.0,,,,,
2021-10-28,-7352230078.0,713286035.0,-807828114.0,,,,,
2021-10-29,-11520895168.0,96048463.0,-177809579.0,,,,,
2021-11-01,-3333852320.0,28816811.0,313772243.0,,,,,
2021-11-02,1975517472.0,-457879161.0,-1339744948.0,,,,,
2021-11-03,3892476622.0,-1958994408.0,615648534.0,,,,,
2021-11-04,-7426815199.0,-555767440.0,166532958.0,,,,,
2021-11-05,26576079944.0,506890930.0,1265455482.0,,,,,
2021-11-08,10621412349.0,873761698.0,1326450725.0,,,,,
2021-11-09,19458843072.0,651400939.0,369239097.0,,,,,
2021-11-10,-80350525.0,987036108.0,533209554.0,,,,,
2021-11-11,-7208989812.0,-262275552.0,-575325550.0,,,,,
2021-11-12,7896200474.0,997880844.0,-482289880.0,,,,,
2021-11-15,5438795174.0,409390457.0,-5624892.0,,,,,
2021-11-16,7498706715.0,2716836942.0,-1286088038.0,,,,,
2021-11-17,-175092012.0,1288641960.0,-656506959.0,,,,,
2021-11-18,10125957926.0,-1032929910.0,549396579.0,,,,,
2021-11-19,7888947876.0,-875180626.0,-277598265.0,,,,,
2021-11-22,963597600.0,-1723918241.0,639489345.0,,,,,
2021-11-23,-12807605005.0,-484690874.0,-2913564062.0,,,,,
2021-11-24,443089194.0,-1206649611.0,1335556689.0,,,,,
2021-11-25,-8262201811.0,-27058432.0,-278895114.0,,,,,
2021-11-26,-31007361297.0,-676614902.0,-6872242066.0,,,,,
2021-11-29,6056795392.0,61236769.0,-1745176129.0,,,,,
2021-11-30,-16686111074.0,665290643.0,-2308330549.0,,,,,
2021-12-01,8434705459.0,104571864.0,1736049051.0,,,,,
2021-12-02,12632518106.0,-429793326.0,-2767334049.0,,,,,
2021-12-03,7535380709.0,1033523680.0,-331530534.0,,,,,
2021-12-06,-6240351798.0,-520714463.0,-872434254.0,,,,,
2021-12-07,177414033.0,2088921020.0,-84831093.0,,,,,
2021-12-08,16775659594.0,1209198877.0,1555903708.0,,,,,
2021-12-09,6144721506.0,84203554.0,2010976284.0,,,,,
2021-12-10,-3255172306.0,-20916242.0,-1144753681.0,,,,,
2021-12-13,-5132985371.0,-236258060.0,-405064366.0,,,,,
2021-12-14,-12726836979.0,2155697384.0,-4666056250.0,,,,,
2021-12-15,-6176801493.0,2546666109.0,-2423609542.0,,,,,
2021-12-16,-2577667029.0,2369888131.0,2562533168.0,,,,,
2021-12-17,3053140859.0,3743089379.0,-905042232.0,,,,,
2021-12-20,-19425695512.0,3214429355.0,-5058299646.0,,,,,
2021-12-21,10561577446.0,3778587190.0,1148075205.0,,,,,
2021-12-22,1771763950.0,1716736261.0,-755529122.0,,,,,
2021-12-23,18023659908.0,179519526.0,1539179156.0,,,,,
2021-12-24,8601447597.0,-562682262.0,942771745.0,,,,,
2021-12-27,11095430162.0,-1333214317.0,1383125247.0,,,,,
2021-12-28,21554311266.0,544942435.0,1727155365.0,,,,,
2021-12-29,13212694335.0,-133435768.0,867193813.0,,,,,
2021-12-30,2639792502.0,-879843958.0,281244601.0,,,,,
2021-12-31,,,,,,,,
2022-01-03,15525738960.0,-120362327.0,1154520982.0,,,,,
2022-01-04,25704782551.0,194971291.0,1683554665.0,,,,,
2022-01-05,9364854793.0,379804134.0,-845071342.0,,,,,
2022-01-06,-7393587952.0,-630795388.0,-3841698640.0,,,,,
2022-01-07,-13237840897.0,4515754.0,-2278740339.0,,,,,
2022-01-10,-5284253627.0,-316624152.0,-2503913805.0,,,,,
2022-01-11,2235252370.0,852853116.0,-3371361996.0,,,,,
2022-01-12,12754409649.0,-1103015246.0,-1114258275.0,,,,,
2022-01-13,17438053182.0,1974771514.0,-1126222558.0,,,,,
2022-01-14,15282543095.0,2834343407.0,-7568409953.0,,,,,
2022-01-17,6452685191.0,488342526.0,-684156645.0,,,,,
2022-01-18,-6861531115.0,1130207857.0,-3546041743.0,,,,,
2022-01-19,-1942580033.0,1655400835.0,-8975809188.0,,,,,
2022-01-20,-5585798351.0,-728906451.0,-1569207476.0,,,,,
2022-01-21,-40034716725.0,3231268291.0,-8969745598.0,,,,,
2022-01-24,365407436.0,2088020096.0,-4753680030.0,,,,,
2022-01-25,-47345566612.0,4313329812.0,-9842974410.0,,,,,
2022-01-26,-15101124143.0,1732530481.0,-4759118312.0,,,,,
2022-01-27,,,,,,,,
2022-01-28,,,,,,,,
2022-01-31,,,,,,,,
2022-02-01,,,,,,,,
2022-02-02,,,,,,,,
2022-02-03,,,,,,,,
2022-02-04,,,,,,,,
2022-02-07,-6457452804.0,2379392065.0,-928235538.0,,,,,
2022-02-08,-2541843285.0,4260829616.0,-1195159258.0,,,,,
2022-02-09,10414016521.0,4431716480.0,3231142263.0,,,,,
2022-02-10,9659982046.0,1327735250.0,-1633060342.0,,,,,
2022-02-11,4421047601.0,1677444859.0,-1587524025.0,,,,,
2022-02-14,-20671806592.0,2000016032.0,-5248578607.0,,,,,
2022-02-15,-16236384038.0,1988983119.0,-3996747003.0,,,,,
2022-02-16,8465209837.0,2237384964.0,1004362775.0,,,,,
2022-02-17,15659833816.0,2559229684.0,1912732939.0,,,,,
2022-02-18,6471805104.0,1193202133.0,1063982795.0,,,,,
2022-02-21,-11221254545.0,2010069738.0,152632097.0,,,,,
2022-02-22,-38661096219.0,3951367350.0,-9391171898.0,,,,,
2022-02-23,-12181948081.0,2087239200.0,-366621339.0,,,,,
2022-02-24,-53449542941.0,5188638274.0,-12647612032.0,,,,,
2022-02-25,-51029478256.0,2887495078.0,-2070567600.0,,,,,
2022-02-28,,,,,,,,
2022-03-01,6326158609.0,3604784535.0,5093159347.0,,,,,
2022-03-02,-19272324435.0,1426951943.0,2568531253.0,,,,,
2022-03-03,-7455627577.0,1864132133.0,225367233.0,,,,,
2022-03-04,-43037972716.0,1729434909.0,-5048990436.0,,,,,
2022-03-07,-82371268975.0,7641184489.0,-11808519698.0,,,,,
2022-03-08,-46130432644.0,4682772840.0,-12163752666.0,,,,,
2022-03-09,-31808303660.0,2062370328.0,-2835661228.0,,,,,
2022-03-10,1991195011.0,1803679529.0,2648744028.0,,,,,
2022-03-11,-22656690308.0,1996627151.0,-2208121067.0,,,,,
2022-03-14,-14412076811.0,1590154553.0,300551958.0,,,,,
2022-03-15,-53841991874.0,1665485125.0,-6691417776.0,,,,,
2022-03-16,-14109533780.0,391646907.0,-3618892600.0,,,,,
2022-03-17,44816760115.0,47907789.0,5170446094.0,,,,,
2022-03-18,-1769904121.0,1952156646.0,-2583284165.0,,,,,
2022-03-21,7441990473.0,381401716.0,-291903461.0,,,,,
2022-03-22,-361634370.0,1723064856.0,207599435.0,,,,,
2022-03-23,11266597490.0,237406677.0,3563496085.0,,,,,
2022-03-24,-2921149666.0,-1808920142.0,42910006.0,,,,,
2022-03-25,741822800.0,-223539500.0,-591522943.0,,,,,
2022-03-28,-12597235922.0,-139532356.0,-920618027.0,,,,,
2022-03-29,-8314245774.0,1340263805.0,-244039276.0,,,,,
2022-03-30,22036639928.0,2147817084.0,5634312830.0,,,,,
2022-03-31,2459082057.0,507766390.0,-1064932246.0,,,,,
2022-04-01,-10785712395.0,966450630.0,-134363894.0,,,,,
2022-04-04,,,,,,,,
2022-04-05,,,,,,,,
2022-04-06,-26965679574.0,1143633427.0,-909019997.0,,,,,
2022-04-07,-44545546003.0,1867388479.0,-7196470795.0,,,,,
2022-04-08,-11512981432.0,3101369353.0,-1954074621.0,,,,,
2022-04-11,-34041005614.0,1524919679.0,-8040147993.0,,,,,
2022-04-12,-10159341814.0,-44737545.0,-2897865346.0,,,,,
2022-04-13,10558477457.0,3139650641.0,1259455246.0,,,,,
2022-04-14,-744871264.0,1565761896.0,-1120138906.0,,,,,
2022-04-15,-21199731586.0,1000901472.0,-4287138186.0,,,,,
2022-04-18,-10415706666.0,2514187127.0,-4390823180.0,,,,,
2022-04-19,2121123317.0,849494795.0,715406048.0,,,,,
2022-04-20,2997373898.0,2352575161.0,-968167594.0,,,,,
2022-04-21,3428561230.0,3125173467.0,-596783655.0,,,,,
2022-04-22,-21187203604.0,1630802948.0,-2765765584.0,,,,,
2022-04-25,-42197266646.0,504993014.0,-7150607126.0,,,,,
2022-04-26,-14400867635.0,1099068700.0,-4928651393.0,,,,,
2022-04-27,-21142782285.0,1250410817.0,-4591333340.0,,,,,
2022-04-28,-15852095188.0,686193110.0,-467059541.0,,,,,
2022-04-29,6551935591.0,1045724665.0,-1518754276.0,,,,,
2022-05-02,,,,,,,,
2022-05-03,435332577.0,1605653361.0,-1398772837.0,,,,,
2022-05-04,-61009159.0,910758831.0,-328772442.0,,,,,
2022-05-05,3824972110.0,3493336424.0,413821893.0,,,,,
2022-05-06,-23556292639.0,185560420.0,-4656785043.0,,,,,
2022-05-09,-21145341214.0,474474690.0,-5920813944.0,,,,,
2022-05-10,-1613631242.0,220392318.0,1055184159.0,,,,,
2022-05-11,-14947671124.0,139901353.0,-752201550.0,,,,,
2022-05-12,-10321824247.0,244994838.0,-5998067356.0,,,,,
2022-05-13,2940064288.0,1011793425.0,3187290553.0,,,,,
2022-05-16,-1714708322.0,1073954056.0,-865991980.0,,,,,
2022-05-17,-858253931.0,-335658679.0,1428714164.0,,,,,
2022-05-18,11189984956.0,1087389770.0,-3018043847.0,,,,,
2022-05-19,-13619014574.0,-975187631.0,-2669152203.0,,,,,
2022-05-20,7182894729.0,1671214567.0,235335087.0,,,,,
2022-05-23,2028700237.0,2659934905.0,-733943355.0,,,,,
2022-05-24,-7832617161.0,1767192053.0,-3185813736.0,,,,,
2022-05-25,5056911617.0,-272819359.0,3467484303.0,,,,,
2022-05-26,-11847601840.0,-1449916582.0,-1367620645.0,,,,,
2022-05-27,20324848001.0,13923691.0,3290294236.0,,,,,
2022-05-30,27580301715.0,3078496037.0,3339253248.0,,,,,
2022-05-31,23256178163.0,1368166313.0,-1022631570.0,,,,,
2022-06-01,-10095198801.0,744415596.0,-818539710.0,,,,,
2022-06-02,-8492430238.0,-1568226999.0,-372198887.0,,,,,
2022-06-03,,,,,,,,
2022-06-06,-1891993882.0,1132522927.0,1857438657.0,,,,,
2022-06-07,-15915636740.0,1656445518.0,2048035613.0,,,,,
2022-06-08,4396117617.0,628552677.0,3633221701.0,,,,,
2022-06-09,-9479785127.0,-157363812.0,874322673.0,,,,,
2022-06-10,-18555889321.0,-995510805.0,1172841661.0,,,,,
2022-06-13,-48028196936.0,620683669.0,-3015846225.0,,,,,
2022-06-14,-23692295401.0,-1877162666.0,1793683646.0,,,,,
2022-06-15,-19346084821.0,-276391490.0,6282474803.0,,,,,
2022-06-16,924816093.0,503658259.0,-4591490644.0,,,,,
2022-06-17,-17668037270.0,-3397544338.0,-3012461017.0,,,,,
2022-06-20,-8131634785.0,428356130.0,-2484637699.0,,,,,
2022-06-21,18075040379.0,143459672.0,8040560996.0,,,,,
2022-06-22,-22379843736.0,87471536.0,809747597.0,,,,,
2022-06-23,-7697130649.0,-524545380.0,5964764529.0,,,,,
2022-06-24,-2841000897.0,2138267656.0,15422635314.0,,,,,
2022-06-27,8678667305.0,1018373500.0,4301979507.0,,,,,
2022-06-28,-9984498303.0,1055842586.0,5642997045.0,,,,,
2022-06-29,-5406321401.0,238503110.0,-8220258535.0,,,,,
2022-06-30,-21486517452.0,1730017194.0,-1855929990.0,,,,,
2022-07-01,-11866961255.0,1419084643.0,4213799920.0,,,,,
2022-07-04,-6250676728.0,2148241723.0,5944970552.0,,,,,
2022-07-05,-73867527.0,2001012578.0,4434418580.0,,,,,
2022-07-06,-7625680265.0,15961008.0,-3261126673.0,,,,,
2022-07-07,15981719896.0,2874122377.0,3126327885.0,,,,,
2022-07-08,-3935685396.0,788725272.0,133915601.0,,,,,
2022-07-11,-3060479634.0,173490701.0,-1723259219.0,,,,,
2022-07-12,-9684508238.0,491807964.0,-4768071731.0,,,,,
2022-07-13,5786918732.0,1105722526.0,4364027576.0,,,,,
2022-07-14,1083895890.0,1367583557.0,1531148785.0,,,,,
2022-07-15,-11162220048.0,2990687927.0,-269895331.0,,,,,
2022-07-18,-467476530.0,2300391894.0,913341508.0,,,,,
2022-07-19,-2242012149.0,85205420.0,296848995.0,,,,,
2022-07-20,-3453594742.0,1242576550.0,68053773.0,,,,,
2022-07-21,11561923650.0,498356716.0,1571156622.0,,,,,
2022-07-22,-4026021672.0,890931939.0,-2296295017.0,,,,,
2022-07-25,-1513108156.0,1289231123.0,-409952662.0,,,,,
2022-07-26,-2673762065.0,1019737998.0,-2638843768.0,,,,,
2022-07-27,6319614877.0,118804335.0,-15898121.0,,,,,
2022-07-28,-4019431016.0,2044381303.0,-527302722.0,,,,,
2022-07-29,13564591563.0,1610758903.0,-553876068.0,,,,,
2022-08-01,-6711535501.0,2111549164.0,810508587.0,,,,,
2022-08-02,-19675678987.0,1346390865.0,-2134628699.0,,,,,
2022-08-03,-6158668404.0,1680992645.0,-1793790032.0,,,,,
2022-08-04,-4169794431.0,1246506363.0,-1849033438.0,,,,,
2022-08-05,24726175916.0,2412720830.0,2356112752.0,,,,,
2022-08-08,-2375397640.0,2057631284.0,39293958.0,,,,,
2022-08-09,-3953804982.0,1240294614.0,1502663327.0,,,,,
2022-08-10,-17561551006.0,1579548986.0,-2833077540.0,,,,,
2022-08-11,14038254328.0,1104669859.0,1573344553.0,,,,,
2022-08-12,7305084160.0,814368483.0,1551239311.0,,,,,
2022-08-15,-5046482388.0,4597977893.0,531256491.0,,,,,
2022-08-16,-5631286692.0,4112241985.0,-1792653626.0,,,,,
2022-08-17,-1538724465.0,1088182467.0,-716920645.0,,,,,
2022-08-18,-7748134082.0,785024797.0,-747790081.0,,,,,
2022-08-19,-7295227741.0,1574665488.0,955827562.0,,,,,
2022-08-22,-15113163108.0,797677793.0,-689695053.0,,,,,
2022-08-23,-16753626044.0,348929652.0,-2537908087.0,,,,,
2022-08-24,-10282751272.0,2258293514.0,-1698736668.0,,,,,
2022-08-25,1662562355.0,2111957611.0,1565855750.0,,,,,
2022-08-26,3464749461.0,2058682769.0,1408815360.0,,,,,
2022-08-29,-24402903651.0,1055374037.0,-8200719222.0,,,,,
2022-08-30,-18491127282.0,1500983956.0,-997043075.0,,,,,
2022-08-31,2733769778.0,336266419.0,2042738216.0,,,,,
2022-09-01,-33227275900.0,579887810.0,-14897206377.0,,,,,
2022-09-02,-14632218878.0,551801925.0,-3242335658.0,,,,,
2022-09-05,-3050373770.0,663297355.0,-1840321974.0,,,,,
2022-09-06,-62717581.0,910399786.0,-1228986067.0,,,,,
2022-09-07,-17749446063.0,1583606983.0,-6640506255.0,,,,,
2022-09-08,-2451366566.0,2132898905.0,321999640.0,,,,,
2022-09-09,,,,,,,,
2022-09-12,11214250712.0,1327214858.0,2186131577.0,,,,,
2022-09-13,8488515852.0,1428437540.0,1396569963.0,,,,,
2022-09-14,-13535160153.0,-388506818.0,-4127513675.0,,,,,
2022-09-15,-5843362893.0,1465887139.0,-1292113669.0,,,,,
2022-09-16,-17463297271.0,3048769760.0,-4816536902.0,,,,,
2022-09-19,-7198578165.0,1096897996.0,-1007300742.0,,,,,
2022-09-20,3239831132.0,885819278.0,1083349717.0,,,,,
2022-09-21,-9260016960.0,173994397.0,-1671156606.0,,,,,
2022-09-22,-19554560573.0,2792016090.0,-3193658925.0,,,,,
2022-09-23,-14050140367.0,102558916.0,-2892966058.0,,,,,
2022-09-26,-7847806129.0,2277923957.0,-3176098648.0,,,,,
2022-09-27,-6345394289.0,1759970506.0,-188581708.0,,,,,
2022-09-28,-11959661725.0,2043782625.0,-4101895306.0,,,,,
2022-09-29,-1395014651.0,1501317487.0,598591845.0,,,,,
2022-09-30,-5896770422.0,1748254575.0,-310357452.0,,,,,
2022-10-03,-9367704574.0,1241462287.0,-2089898983.0,,,,,
2022-10-04,6175934254.0,1338117493.0,3429069766.0,,,,,
2022-10-05,4988355310.0,2079917511.0,2245851037.0,,,,,
2022-10-06,12703369936.0,1215788973.0,-1258717505.0,,,,,
2022-10-07,-9493781467.0,1203332639.0,-3635200795.0,,,,,
2022-10-10,,,,,,,,
2022-10-11,-34192758195.0,1792934824.0,-6166453749.0,,,,,
2022-10-12,-16643759133.0,671354020.0,-714310622.0,,,,,
2022-10-13,-9800777687.0,2301549882.0,-3172182538.0,,,,,
2022-10-14,10339581838.0,-497598439.0,5815039235.0,,,,,
2022-10-17,-8771832306.0,-877751586.0,-445353182.0,,,,,
2022-10-18,-3684528123.0,-1937035962.0,3211538841.0,,,,,
2022-10-19,-12185196332.0,1821598503.0,630271856.0,,,,,
2022-10-20,-13003275608.0,540037025.0,-1616059145.0,,,,,
2022-10-21,-6246359302.0,925720277.0,-1279960475.0,,,,,
2022-10-24,-1406807488.0,1606834452.0,3814191940.0,,,,,
2022-10-25,-10344700448.0,300781075.0,5926387110.0,,,,,
2022-10-26,2759933847.0,-895328201.0,4175597482.0,,,,,
2022-10-27,10430872221.0,716019666.0,239182411.0,,,,,
2022-10-28,-11833100042.0,1807282996.0,-2327388416.0,,,,,
2022-10-31,4559487607.0,1101797881.0,1842274119.0,,,,,
2022-11-01,-1003081307.0,322907113.0,2363156121.0,,,,,
2022-11-02,-512673865.0,1311405961.0,515398496.0,,,,,
2022-11-03,-12639227344.0,2109175815.0,-1487271724.0,,,,,
2022-11-04,-8791942187.0,299608573.0,662668134.0,,,,,
2022-11-07,9209077864.0,933887205.0,518198546.0,,,,,
2022-11-08,9012509267.0,1418664787.0,-847441360.0,,,,,
2022-11-09,24155531098.0,1361009619.0,-2268885176.0,,,,,
2022-11-10,-1685380136.0,78927779.0,-4403014896.0,,,,,
2022-11-11,48835673849.0,3558758322.0,-3662221090.0,,,,,
2022-11-14,37577095317.0,192138058.0,-5049918579.0,,,,,
2022-11-15,34794214423.0,1069738015.0,-6197555538.0,,,,,
2022-11-16,11593973139.0,960320705.0,-6672503113.0,,,,,
2022-11-17,-3309930949.0,1226257836.0,1686448963.0,,,,,
2022-11-18,-2380440035.0,360640844.0,-2370532251.0,,,,,
2022-11-21,-1771114513.0,-435623589.0,-1919343160.0,,,,,
2022-11-22,583880600.0,-931470880.0,-1079782234.0,,,,,
2022-11-23,2120423461.0,509347832.0,-452472426.0,,,,,
2022-11-24,23301736639.0,1493754987.0,-394278238.0,,,,,
2022-11-25,-79635900.0,1120776999.0,-5526003934.0,,,,,
2022-11-28,-10780075282.0,-626407145.0,-4462709763.0,,,,,
2022-11-29,8347297117.0,-991409765.0,1678263663.0,,,,,
2022-11-30,20215587540.0,439556693.0,-3527971917.0,,,,,
2022-12-01,15127098144.0,3652707396.0,-5733421650.0,,,,,
2022-12-02,-51147736.0,650385600.0,-3671421227.0,,,,,
2022-12-05,784775905.0,2395156251.0,-2005909992.0,,,,,
2022-12-06,-13142309900.0,59856061.0,-4132067682.0,,,,,
2022-12-07,-4075766177.0,-1707360994.0,-2577673930.0,,,,,
2022-12-08,-9054170970.0,545849189.0,-1717917560.0,,,,,
2022-12-09,6196521560.0,16514850.0,-1105129584.0,,,,,
2022-12-12,-5973906036.0,-343950652.0,-1805831362.0,,,,,
2022-12-13,-10239164316.0,337191415.0,-2324805722.0,,,,,
2022-12-14,14563951488.0,937289347.0,558902198.0,,,,,
2022-12-15,-1172423489.0,348871643.0,-1702523624.0,,,,,
2022-12-16,-15633008420.0,-16973271.0,-6408511895.0,,,,,
2022-12-19,-13887440852.0,-733367397.0,-3754808063.0,,,,,
2022-12-20,-10769777580.0,-454748708.0,-6662511420.0,,,,,
2022-12-21,-2869650011.0,527298773.0,-3696391365.0,,,,,
2022-12-22,9349889124.0,591613319.0,-436163129.0,,,,,
2022-12-23,-13243206447.0,2806395557.0,-2147867876.0,,,,,
2022-12-26,-4019580897.0,595039317.0,-1625474246.0,,,,,
2022-12-27,3673768219.0,1174635780.0,-464482798.0,,,,,
2022-12-28,-11085408334.0,237817529.0,-4837292321.0,,,,,
2022-12-29,-12248170732.0,1331677112.0,-303440214.0,,,,,
2022-12-30,-141627162.0,1206670217.0,827941617.0,,,,,
2023-01-02,,,,,,,,
2023-01-03,394997779.0,1387068313.0,918376920.0,,,,,
2023-01-04,-5596584096.0,741922918.0,584006699.0,,,,,
2023-01-05,1952097678.0,-523243762.0,-155287034.0,,,,,
2023-01-06,9833521296.0,1023278203.0,1823899025.0,,,,,
2023-01-09,36181293362.0,3381055341.0,3770699396.0,,,,,
2023-01-10,18607142564.0,1826311750.0,-275606215.0,,,,,
2023-01-11,3544316925.0,906382497.0,1683770984.0,,,,,
2023-01-12,1248192.0,1758858719.0,706902104.0,,,,,
2023-01-13,30681090247.0,1469129867.0,2821009398.0,,,,,
2023-01-16,18755493295.0,175594159.0,2396231954.0,,,,,
2023-01-17,11247355352.0,-4393502393.0,461711665.0,,,,,
2023-01-18,,,,,,,,
2023-01-19,,,,,,,,
2023-01-20,,,,,,,,
2023-01-23,,,,,,,,
2023-01-24,,,,,,,,
2023-01-25,,,,,,,,
2023-01-26,,,,,,,,
2023-01-27,,,,,,,,
2023-01-30,72218897241.0,3089662921.0,7788310287.0,,,,,
2023-01-31,2937476717.0,1205719053.0,1273196659.0,,,,,
2023-02-01,10253907295.0,746596472.0,1153701170.0,,,,,
2023-02-02,22535840590.0,1479865970.0,-237377050.0,,,,,
2023-02-03,11599576503.0,448728486.0,-1925908891.0,,,,,
2023-02-06,-12557617215.0,268249054.0,-4154777733.0,,,,,
2023-02-07,-3279647938.0,953322495.0,-444795574.0,,,,,
2023-02-08,16343744075.0,2065967286.0,1461725029.0,,,,,
2023-02-09,-545112724.0,-496652559.0,-1050920239.0,,,,,
2023-02-10,-157276433.0,619674654.0,-3996048399.0,,,,,
2023-02-13,-5472411318.0,353396155.0,-2682345220.0,,,,,
2023-02-14,8726503639.0,1558182362.0,-825411738.0,,,,,
2023-02-15,-8170146965.0,-944340621.0,-1668864302.0,,,,,
2023-02-16,7269583196.0,2043270789.0,1616410600.0,,,,,
2023-02-17,-11667393778.0,980266419.0,-1535514714.0,,,,,
2023-02-20,-2370604423.0,983207476.0,-589423527.0,,,,,
2023-02-21,-251832436.0,1303600662.0,-159760015.0,,,,,
2023-02-22,-12197583794.0,1028647338.0,-5956075802.0,,,,,
2023-02-23,13592654782.0,16979768.0,1056719910.0,,,,,
2023-02-24,-8055103046.0,1229464894.0,-2042918327.0,,,,,
2023-02-27,,,,,,,,
2023-02-28,,,,,,,,
2023-03-01,-3676869461.0,1484511205.0,-2683949861.0,,,,,
2023-03-02,-3792679117.0,3031377110.0,-1754651299.0,,,,,
2023-03-03,-2118883474.0,2828319549.0,65710633.0,,,,,
2023-03-06,8453980094.0,2050952708.0,5138545597.0,,,,,
2023-03-07,3903313325.0,3425658364.0,1854130989.0,,,,,
2023-03-08,-15742256200.0,896586521.0,990683454.0,,,,,
2023-03-09,-12616453588.0,1236357851.0,-1150287396.0,,,,,
2023-03-10,-20836947748.0,1830827937.0,-10130056457.0,,,,,
2023-03-13,4302316762.0,2331668382.0,-4823254037.0,,,,,
2023-03-14,-28448292686.0,2710357526.0,-6011916856.0,,,,,
2023-03-15,-7033819184.0,2815666856.0,-4837455130.0,,,,,
2023-03-16,-12196241306.0,1396972642.0,-4803107139.0,,,,,
2023-03-17,10920151421.0,2586915595.0,-955228715.0,,,,,
2023-03-20,-4783900738.0,3341479379.0,-1636342476.0,,,,,
2023-03-21,-2884592451.0,1975777891.0,267174739.0,,,,,
2023-03-22,26252702339.0,202345795.0,1152315200.0,,,,,
2023-03-23,16941740971.0,888345565.0,1065503436.0,,,,,
2023-03-24,11303590277.0,2859119559.0,1718132970.0,,,,,
2023-03-27,-351271535.0,-177007879.0,-1250802499.0,,,,,
2023-03-28,-2070681487.0,21464290.0,-2111685494.0,,,,,
2023-03-29,9834327514.0,-494572941.0,-550466061.0,,,,,
2023-03-30,10549517678.0,-158647948.0,2792955705.0,,,,,
2023-03-31,11924542905.0,744833553.0,3471354990.0,,,,,
2023-04-03,,,,,,,,
2023-04-04,,,,,,,,
2023-04-05,,,,,,,,
2023-04-06,-6320923922.0,-355543004.0,1020120933.0,,,,,
2023-04-07,1256236804.0,-46729322.0,1272684415.0,,,,,
2023-04-10,671998542.0,-82362185.0,1014962446.0,22285.0,75357.0,-53072.0,1.509,1.2209
2023-04-11,8231604180.0,-656736877.0,1836318064.0,22285.0,75357.0,-53072.0,1.509,1.2209
2023-04-12,5384929258.0,61505143.0,539302084.0,22285.0,75357.0,-53072.0,1.509,1.2209
2023-04-13,-8854929590.0,-576414220.0,-3231207735.0,22285.0,75357.0,-53072.0,1.509,1.2209
2023-04-14,14902409129.0,-784254771.0,545372872.0,22285.0,75357.0,-53072.0,1.509,1.2209
2023-04-17,-922767249.0,295830665.0,568887792.0,22285.0,75357.0,-53072.0,1.509,1.2209
2023-04-18,-8713651253.0,-773030968.0,-1422145425.0,22285.0,75357.0,-53072.0,1.509,1.2209
2023-04-19,-10351786546.0,-1562638645.0,212991632.0,22285.0,75357.0,-53072.0,1.509,1.2209
2023-04-20,-9239170760.0,-1034349157.0,-2581245089.0,22285.0,75357.0,-53072.0,1.509,1.2209
2023-04-21,-1067643173.0,68242673.0,-4055025522.0,22285.0,75357.0,-53072.0,1.509,1.2209
2023-04-24,-94836095.0,556234940.0,-2759598175.0,22285.0,75357.0,-53072.0,1.509,1.2209
2023-04-25,-20288020608.0,-178194039.0,-5377512147.0,22285.0,75357.0,-53072.0,1.509,1.2209
2023-04-26,-5518465246.0,333621585.0,5444751701.0,22285.0,75357.0,-53072.0,1.509,1.2209
2023-04-27,-12831497739.0,1705758399.0,-1001278431.0,22285.0,75357.0,-53072.0,1.509,1.2209
2023-04-28,600513621.0,2149395169.0,1371630561.0,22285.0,75357.0,-53072.0,1.509,1.2209
2023-05-01,,,,22285.0,75357.0,-53072.0,1.509,1.2209
2023-05-02,3544387833.0,1027600394.0,2310512297.0,22285.0,75357.0,-53072.0,1.509,1.2209
2023-05-03,-9109975654.0,635643952.0,-2841254379.0,22285.0,75357.0,-53072.0,1.509,1.2209
2023-05-04,-3237420855.0,1839522793.0,91152969.0,22285.0,75357.0,-53072.0,1.509,1.2209
2023-05-05,-523479761.0,511882305.0,-693530628.0,22285.0,75357.0,-53072.0,1.509,1.2209
2023-05-08,5890726820.0,1334518432.0,1031474725.0,22285.0,75357.0,-53072.0,1.509,1.2209
2023-05-09,4920859590.0,553905874.0,439614347.0,22285.0,75357.0,-53072.0,1.509,1.2209
2023-05-10,-5816503820.0,1225242341.0,-2860250006.0,22285.0,75357.0,-53072.0,1.509,1.2209
2023-05-11,-7049020844.0,756507281.0,-1852534830.0,22285.0,75357.0,-53072.0,1.509,1.2209
2023-05-12,-5686206366.0,1088861100.0,637298568.0,22285.0,75357.0,-53072.0,1.509,1.2209
2023-05-15,-9872815305.0,1873174348.0,-928414987.0,22285.0,75357.0,-53072.0,1.509,1.2209
2023-05-16,9192095929.0,-522449856.0,9362853888.0,22285.0,75357.0,-53072.0,1.509,1.2209
2023-05-17,16655999597.0,-178178873.0,23338359476.0,22285.0,75357.0,-53072.0,1.509,1.2209
2023-05-18,29586583465.0,-336967560.0,12771966917.0,22285.0,75357.0,-53072.0,1.509,1.2209
2023-05-19,32317125668.0,798535073.0,5096829353.0,22285.0,75357.0,-53072.0,1.509,1.2209
2023-05-22,7046724072.0,-841621016.0,1039095232.0,22285.0,75357.0,-53072.0,1.509,1.2209
2023-05-23,6153648565.0,-857768534.0,2391160466.0,22285.0,75357.0,-53072.0,1.509,1.2209
2023-05-24,-4633471132.0,113039291.0,2577173373.0,22285.0,75357.0,-53072.0,1.509,1.2209
2023-05-25,21700565128.0,2558919612.0,2643674651.0,22285.0,75357.0,-53072.0,1.509,1.2209
2023-05-26,43260470667.0,344861060.0,2317804801.0,22285.0,75357.0,-53072.0,1.509,1.2209
2023-05-29,27558864035.0,-176109028.0,4730440328.0,22285.0,75357.0,-53072.0,1.509,1.2209
2023-05-30,8431535478.0,-578310617.0,-16790539.0,22285.0,75357.0,-53072.0,1.509,1.2209
2023-05-31,5831034082.0,-1684696310.0,3658455235.0,22285.0,75357.0,-53072.0,1.509,1.2209
2023-06-01,-3804765727.0,29713490.0,1059904475.0,22285.0,75357.0,-53072.0,1.509,1.2209
2023-06-02,18273949278.0,1683916232.0,3098530865.0,22285.0,75357.0,-53072.0,1.509,1.2209
2023-06-05,951334111.0,473320592.0,2606393971.0,22285.0,75357.0,-53072.0,1.509,1.2209
2023-06-06,2304531682.0,1419263650.0,-999892173.0,22285.0,75357.0,-53072.0,1.509,1.2209
2023-06-07,12558675441.0,857862088.0,2307175866.0,22285.0,75357.0,-53072.0,1.509,1.2209
2023-06-08,-16682449376.0,3931921488.0,-2215296893.0,22285.0,75357.0,-53072.0,1.509,1.2209
2023-06-09,6857852236.0,2122583594.0,2436388277.0,22285.0,75357.0,-53072.0,1.509,1.2209
2023-06-12,9224942199.0,1879317045.0,-1675544384.0,22285.0,75357.0,-53072.0,1.509,1.2209
2023-06-13,37737064624.0,1000228663.0,5165191699.0,22285.0,75357.0,-53072.0,1.509,1.2209
2023-06-14,6092351773.0,-887791139.0,5772234624.0,22285.0,75357.0,-53072.0,1.509,1.2209
2023-06-15,8614807805.0,-774643385.0,5337836798.0,22285.0,75357.0,-53072.0,1.509,1.2209
2023-06-16,3266095252.0,-4092392850.0,5459978079.0,22285.0,75357.0,-53072.0,1.509,1.2209
2023-06-19,-4435304567.0,-291657499.0,2185947436.0,22285.0,75357.0,-53072.0,1.509,1.2209
2023-06-20,4629955374.0,-5563163884.0,-4161680648.0,22285.0,75357.0,-53072.0,1.509,1.2209
2023-06-21,1732200195.0,-1704648199.0,-1020771941.0,22285.0,75357.0,-53072.0,1.509,1.2209
2023-06-22,,,,22285.0,75357.0,-53072.0,1.509,1.2209
2023-06-23,,,,22285.0,75357.0,-53072.0,1.509,1.2209
2023-06-26,-25267163368.0,-278893420.0,3905562064.0,22285.0,75357.0,-53072.0,1.509,1.2209
2023-06-27,-10924284282.0,-2992651612.0,285529279.0,22285.0,75357.0,-53072.0,1.509,1.2209
2023-06-28,-9548027903.0,502131120.0,3759487692.0,22285.0,75357.0,-53072.0,1.509,1.2209
2023-06-29,-5337032316.0,-450314790.0,11603827223.0,22285.0,75357.0,-53072.0,1.509,1.2209
2023-06-30,-9324360385.0,-181754712.0,-428802962.0,22285.0,75357.0,-53072.0,1.509,1.2209
2023-07-03,5657911366.0,-825605534.0,13228466984.0,22285.0,75357.0,-53072.0,1.509,1.2209
2023-07-04,-2306965692.0,-2278191951.0,-3039365295.0,22285.0,75357.0,-53072.0,1.509,1.2209
2023-07-05,-13069293547.0,-608240445.0,-4313178637.0,22285.0,75357.0,-53072.0,1.509,1.2209
2023-07-06,-38759369522.0,229020250.0,-7346984661.0,22285.0,75357.0,-53072.0,1.509,1.2209
2023-07-07,-21058976381.0,-453726244.0,-4065654460.0,22285.0,75357.0,-53072.0,1.509,1.2209
2023-07-10,-14204538215.0,1222600005.0,-1474095888.0,22285.0,75357.0,-53072.0,1.509,1.2209
2023-07-11,15934773803.0,89042252.0,3013949785.0,22285.0,75357.0,-53072.0,1.509,1.2209
2023-07-12,-5659213962.0,1652011497.0,2219924534.0,22285.0,75357.0,-53072.0,1.509,1.2209
2023-07-13,20628389634.0,-1512431382.0,975155766.0,22285.0,75357.0,-53072.0,1.509,1.2209
2023-07-14,12364033687.0,-1308724150.0,2734631390.0,22285.0,75357.0,-53072.0,1.509,1.2209
2023-07-17,3052103738.0,-1817407686.0,-883344951.0,22285.0,75357.0,-53072.0,1.509,1.2209
2023-07-18,-7578585087.0,-1290216868.0,-4875210008.0,22285.0,75357.0,-53072.0,1.509,1.2209
2023-07-19,653819525.0,-2115708905.0,-8006283466.0,22285.0,75357.0,-53072.0,1.509,1.2209
2023-07-20,-5356256353.0,-1517059160.0,1436396233.0,22285.0,75357.0,-53072.0,1.509,1.2209
2023-07-21,-28953163919.0,-2650065187.0,3025238215.0,22285.0,75357.0,-53072.0,1.509,1.2209
2023-07-24,-19541473715.0,-3018587870.0,4888929758.0,22285.0,75357.0,-53072.0,1.509,1.2209
2023-07-25,9604292572.0,-683473508.0,749863327.0,22285.0,75357.0,-53072.0,1.509,1.2209
2023-07-26,1544808849.0,-2055422527.0,-2070509781.0,22285.0,75357.0,-53072.0,1.509,1.2209
2023-07-27,10457129205.0,-1550189167.0,895352723.0,22285.0,75357.0,-53072.0,1.509,1.2209
2023-07-28,1513600594.0,735092546.0,4278094860.0,22285.0,75357.0,-53072.0,1.509,1.2209
2023-07-31,-8841965280.0,1849907347.0,-2770513489.0,22285.0,75357.0,-53072.0,1.509,1.2209
2023-08-01,8511747234.0,-314590253.0,-464938089.0,22285.0,75357.0,-53072.0,1.509,1.2209
2023-08-02,-21123759155.0,504347629.0,-14712879803.0,22285.0,75357.0,-53072.0,1.509,1.2209
2023-08-03,,,,22285.0,75357.0,-53072.0,1.509,1.2209
2023-08-04,-10352695794.0,1015928182.0,-6043468571.0,22285.0,75357.0,-53072.0,1.509,1.2209
2023-08-07,-3185434245.0,3193354023.0,-3956547100.0,22285.0,75357.0,-53072.0,1.509,1.2209
2023-08-08,-19300667558.0,3567917217.0,-7591603489.0,22285.0,75357.0,-53072.0,1.509,1.2209
2023-08-09,3452140923.0,4444478771.0,-6456180331.0,22285.0,75357.0,-53072.0,1.509,1.2209
2023-08-10,-10947983482.0,2091729534.0,-13642544146.0,22285.0,75357.0,-53072.0,1.509,1.2209
2023-08-11,-2782974554.0,2361208164.0,-6961244749.0,22285.0,75357.0,-53072.0,1.509,1.2209
2023-08-14,-17351477460.0,6055992043.0,-10101140921.0,22285.0,75357.0,-53072.0,1.509,1.2209
2023-08-15,-866865378.0,1884565649.0,-1694296676.0,22285.0,75357.0,-53072.0,1.509,1.2209
2023-08-16,-16182346399.0,6218678007.0,-2269507572.0,22285.0,75357.0,-53072.0,1.509,1.2209
2023-08-17,-16466996965.0,4055514203.0,3740350352.0,22285.0,75357.0,-53072.0,1.509,1.2209
2023-08-18,-19330183676.0,1307452466.0,-6113081259.0,22285.0,75357.0,-53072.0,1.509,1.2209
2023-08-21,7975884689.0,911323831.0,-1141715456.0,22285.0,75357.0,-53072.0,1.509,1.2209
2023-08-22,6308423511.0,2915609006.0,-3627663667.0,22285.0,75357.0,-53072.0,1.509,1.2209
2023-08-23,6153744894.0,2138628214.0,608146391.0,22285.0,75357.0,-53072.0,1.509,1.2209
2023-08-24,12345562778.0,3068306287.0,216107732.0,22285.0,75357.0,-53072.0,1.509,1.2209
2023-08-25,-33617627913.0,873777635.0,-8560790293.0,22285.0,75357.0,-53072.0,1.509,1.2209
2023-08-28,-2897074541.0,1616623936.0,-4998141614.0,22285.0,75357.0,-53072.0,1.509,1.2209
2023-08-29,4134594086.0,3176619251.0,-112864710.0,22285.0,75357.0,-53072.0,1.509,1.2209
2023-08-30,7156617622.0,2989378862.0,2395765015.0,22285.0,75357.0,-53072.0,1.509,1.2209
2023-08-31,-5630132924.0,2169967493.0,-13418802.0,22285.0,75357.0,-53072.0,1.509,1.2209
2023-09-01,-8536192102.0,2969481032.0,-3194321632.0,22285.0,75357.0,-53072.0,1.509,1.2209
2023-09-04,1530378658.0,1625742991.0,-437859277.0,22285.0,75357.0,-53072.0,1.509,1.2209
2023-09-05,1200764055.0,1839881446.0,-931798033.0,22285.0,75357.0,-53072.0,1.509,1.2209
2023-09-06,-8058427905.0,3902195328.0,-4192611149.0,22285.0,75357.0,-53072.0,1.509,1.2209
2023-09-07,-17853931120.0,3808661358.0,-7833777023.0,22285.0,75357.0,-53072.0,1.509,1.2209
2023-09-08,-13776728917.0,4410440411.0,-6269927640.0,22285.0,75357.0,-53072.0,1.509,1.2209
2023-09-11,-13507893631.0,4392311625.0,-11114156362.0,22285.0,75357.0,-53072.0,1.509,1.2209
2023-09-12,8416910796.0,3642423924.0,-3724453849.0,22285.0,75357.0,-53072.0,1.509,1.2209
2023-09-13,-1833664192.0,3588050397.0,-4029597407.0,22285.0,75357.0,-53072.0,1.509,1.2209
2023-09-14,18922401863.0,5098749609.0,301655795.0,22285.0,75357.0,-53072.0,1.509,1.2209
2023-09-15,8439654742.0,6281771223.0,-2686587023.0,22285.0,75357.0,-53072.0,1.509,1.2209
2023-09-18,-25628000412.0,1614320343.0,-9686409224.0,22285.0,75357.0,-53072.0,1.509,1.2209
2023-09-19,-12736050772.0,3738986276.0,-6542507494.0,22285.0,75357.0,-53072.0,1.509,1.2209
2023-09-20,-18216222504.0,2364588924.0,-9343504712.0,22285.0,75357.0,-53072.0,1.509,1.2209
2023-09-21,-33996202907.0,180184084.0,-5998675214.0,22285.0,75357.0,-53072.0,1.509,1.2209
2023-09-22,-14838064364.0,2262001983.0,-1687871080.0,22285.0,75357.0,-53072.0,1.509,1.2209
2023-09-25,-3096306218.0,3209180502.0,-1037903410.0,22285.0,75357.0,-53072.0,1.509,1.2209
2023-09-26,-23154011465.0,3182055501.0,-6947024292.0,22285.0,75357.0,-53072.0,1.509,1.2209
2023-09-27,-1508299861.0,2091767504.0,-5321028757.0,22285.0,75357.0,-53072.0,1.509,1.2209
2023-09-28,-7734357247.0,3372333740.0,-1811443979.0,22285.0,75357.0,-53072.0,1.509,1.2209
2023-09-29,,,,22285.0,75357.0,-53072.0,,
2023-10-02,6338043989.0,5345439039.0,3534629992.0,22285.0,75357.0,-53072.0,1.509,1.2209
2023-10-03,-15795392296.0,1547611338.0,-4152127531.0,22285.0,75357.0,-53072.0,1.509,1.2209
2023-10-04,-25915688603.0,2246574652.0,-7774749291.0,22285.0,75357.0,-53072.0,1.509,1.2209
2023-10-05,-1271631146.0,912304862.0,363104043.0,22285.0,75357.0,-53072.0,1.509,1.2209
2023-10-06,-3485665547.0,2093288939.0,-601246646.0,22285.0,75357.0,-53072.0,1.509,1.2209
2023-10-09,,,,22285.0,75357.0,-53072.0,1.509,1.2209
2023-10-10,,,,22285.0,75357.0,-53072.0,1.509,1.2209
2023-10-11,23115144423.0,1112792765.0,1248373593.0,22285.0,75357.0,-53072.0,1.509,1.2209
2023-10-12,24104844054.0,1912486741.0,2490362735.0,22285.0,75357.0,-53072.0,1.509,1.2209
2023-10-13,-6085160697.0,-559156339.0,-1902769207.0,22285.0,75357.0,-53072.0,1.509,1.2209
2023-10-16,-15625146820.0,1627936069.0,-3901719535.0,22285.0,75357.0,-53072.0,1.509,1.2209
2023-10-17,-4617824599.0,-485091532.0,-2565577428.0,22285.0,75357.0,-53072.0,1.509,1.2209
2023-10-18,-8617232043.0,-2921126789.0,-7686048137.0,22285.0,75357.0,-53072.0,1.509,1.2209
2023-10-19,-13120509715.0,2780646127.0,-490836063.0,22285.0,75357.0,-53072.0,1.509,1.2209
2023-10-20,-7303310595.0,3065163417.0,-6033883610.0,22285.0,75357.0,-53072.0,1.509,1.2209
2023-10-23,-14187729750.0,339065320.0,-5220079110.0,22285.0,75357.0,-53072.0,1.509,1.2209
2023-10-24,-13211889307.0,3186996672.0,-1031661598.0,22285.0,75357.0,-53072.0,1.509,1.2209
2023-10-25,-7500259145.0,5462656555.0,25557804.0,22285.0,75357.0,-53072.0,1.509,1.2209
2023-10-26,-28688282862.0,1954411307.0,-11921912017.0,22285.0,75357.0,-53072.0,1.509,1.2209
2023-10-27,-8987889800.0,2627089628.0,-1939220539.0,22285.0,75357.0,-53072.0,1.509,1.2209
2023-10-30,-6766241118.0,3806903213.0,-1190050962.0,22285.0,75357.0,-53072.0,1.509,1.2209
2023-10-31,-17296408829.0,4689835340.0,-5781568704.0,22285.0,75357.0,-53072.0,1.509,1.2209
2023-11-01,-6048768079.0,2452231315.0,-1294083513.0,22285.0,75357.0,-53072.0,1.509,1.2209
2023-11-02,15951133854.0,2712796727.0,2449241659.0,22285.0,75357.0,-53072.0,1.509,1.2209
2023-11-03,9084572661.0,3483442770.0,626789846.0,22285.0,75357.0,-53072.0,1.509,1.2209
2023-11-06,18526002153.0,1500428507.0,1379757101.0,22285.0,75357.0,-53072.0,1.509,1.2209
2023-11-07,1266166760.0,1315881992.0,358280594.0,22285.0,75357.0,-53072.0,1.509,1.2209
2023-11-08,3765584428.0,1410470969.0,617773848.0,22285.0,75357.0,-53072.0,1.509,1.2209
2023-11-09,-2008880633.0,589864072.0,-930577414.0,22285.0,75357.0,-53072.0,1.509,1.2209
2023-11-10,-7070577496.0,581512809.0,-3124150713.0,22285.0,75357.0,-53072.0,1.509,1.2209
2023-11-13,20357697935.0,471975851.0,1821745885.0,22285.0,75357.0,-53072.0,1.509,1.2209
2023-11-14,11580816042.0,601343696.0,4152901951.0,22285.0,75357.0,-53072.0,1.509,1.2209
2023-11-15,46542036261.0,-3646477647.0,621624090.0,22285.0,75357.0,-53072.0,1.509,1.2209
2023-11-16,19629643589.0,81712555.0,-1747051508.0,22285.0,75357.0,-53072.0,1.509,1.2209
2023-11-17,23689378421.0,-516227820.0,-2224181511.0,22285.0,75357.0,-53072.0,1.509,1.2209
2023-11-20,9121668993.0,563033396.0,-487724581.0,22285.0,75357.0,-53072.0,1.509,1.2209
2023-11-21,42147884877.0,-290630678.0,-1289695939.0,22285.0,75357.0,-53072.0,1.509,1.2209
2023-11-22,-7397392378.0,-143352372.0,-1931489352.0,22285.0,75357.0,-53072.0,1.509,1.2209
2023-11-23,1369016894.0,-929475479.0,-4064792203.0,22285.0,75357.0,-53072.0,1.509,1.2209
2023-11-24,3440371289.0,-470264474.0,-1250406773.0,22285.0,75357.0,-53072.0,1.509,1.2209
2023-11-27,-1815540238.0,-1412141496.0,-5823189861.0,22285.0,75357.0,-53072.0,1.509,1.2209
2023-11-28,20003349549.0,-1710105310.0,3064094163.0,22285.0,75357.0,-53072.0,1.509,1.2209
2023-11-29,9920348027.0,-89754895.0,-787482788.0,22285.0,75357.0,-53072.0,1.509,1.2209
2023-11-30,7963989263.0,-1901543140.0,-2646180718.0,22285.0,75357.0,-53072.0,1.509,1.2209
2023-12-01,1211434908.0,1082683191.0,-3591964085.0,22285.0,75357.0,-53072.0,1.509,1.2209
2023-12-04,-5294697056.0,-447700549.0,-3390716193.0,22285.0,75357.0,-53072.0,1.509,1.2209
2023-12-05,-10451805662.0,2029984.0,-6052997656.0,22285.0,75357.0,-53072.0,1.509,1.2209
2023-12-06,253077799.0,4421291650.0,-1021897128.0,22285.0,75357.0,-53072.0,1.509,1.2209
2023-12-07,-5159225335.0,833196654.0,-5573052665.0,22285.0,75357.0,-53072.0,1.509,1.2209
2023-12-08,15209543454.0,721200011.0,-3589796291.0,22285.0,75357.0,-53072.0,1.509,1.2209
2023-12-11,1187119014.0,-663991579.0,-3298905983.0,22285.0,75357.0,-53072.0,1.509,1.2209
2023-12-12,10294620326.0,2037796443.0,-1862628313.0,22285.0,75357.0,-53072.0,1.509,1.2209
2023-12-13,3467315803.0,4453448721.0,-4032366296.0,22285.0,75357.0,-53072.0,1.509,1.2209
2023-12-14,33822098956.0,4225266270.0,-3930594932.0,22285.0,75357.0,-53072.0,1.509,1.2209
2023-12-15,21170269161.0,-1164158047.0,-4842846482.0,22285.0,75357.0,-53072.0,1.509,1.2209
2023-12-18,736099535.0,-897538042.0,-7392802836.0,22285.0,75357.0,-53072.0,1.509,1.2209
2023-12-19,164916608.0,296993423.0,-7809248001.0,22285.0,75357.0,-53072.0,1.509,1.2209
2023-12-20,24624786177.0,-2720088428.0,-11289911715.0,22285.0,75357.0,-53072.0,1.509,1.2209
2023-12-21,-2768213761.0,-1830755289.0,-3275896692.0,22285.0,75357.0,-53072.0,1.509,1.2209
2023-12-22,6182976305.0,1916685293.0,-941324225.0,22285.0,75357.0,-53072.0,1.509,1.2209
2023-12-25,,,,22285.0,75357.0,-53072.0,1.509,1.2209
2023-12-26,,,,22285.0,75357.0,-53072.0,1.509,1.2209
2023-12-27,,,,22285.0,75357.0,-53072.0,1.509,1.2209
2023-12-28,,,,22285.0,75357.0,-53072.0,1.509,1.2209
2023-12-29,,,,22285.0,75357.0,-53072.0,1.509,1.2209
2024-01-01,,,,22285.0,75357.0,-53072.0,1.509,1.2209
2024-01-02,1047757503.0,189637635.0,-4448119903.0,22285.0,75357.0,-53072.0,1.509,1.2209
2024-01-03,-22805936956.0,3283754107.0,-9093621510.0,22285.0,75357.0,-53072.0,1.509,1.2209
2024-01-04,-3462812498.0,3262656753.0,-5247618223.0,22285.0,75357.0,-53072.0,1.509,1.2209
2024-01-05,-4229169162.0,5175816340.0,-4051471237.0,22285.0,75357.0,-53072.0,1.509,1.2209
2024-01-08,2396493714.0,2188287035.0,-5474233893.0,22285.0,75357.0,-53072.0,1.509,1.2209
2024-01-09,-584093367.0,3882101857.0,-7713284413.0,22285.0,75357.0,-53072.0,1.509,1.2209
2024-01-10,-3114730219.0,2420908691.0,-3191269085.0,22285.0,75357.0,-53072.0,1.509,1.2209
2024-01-11,3606211557.0,1332497962.0,-1353556992.0,22285.0,75357.0,-53072.0,1.509,1.2209
2024-01-12,2739131009.0,878458371.0,-4229820595.0,22285.0,75357.0,-53072.0,1.509,1.2209
2024-01-15,-9087642948.0,2194586352.0,-1852574412.0,48717.0,70485.0,-21768.0,1.0527,0.7484
2024-01-16,-45131241665.0,-26235190.0,-3387697195.0,48205.0,65453.0,-17248.0,1.0105,1.0322
2024-01-17,-78222916936.0,7174385368.0,1484638834.0,37896.0,52428.0,-14532.0,1.4301,1.3366
2024-01-18,-8733362263.0,3307837801.0,-2213815198.0,35651.0,49301.0,-13650.0,1.4192,0.97
2024-01-19,80797221602.0,4080122074.0,611632823.0,41546.0,44159.0,-2613.0,1.3058,0.9369
2024-01-22,36943669928.0,931703644.0,1945241248.0,37860.0,44714.0,-6854.0,1.303,0.9137
2024-01-23,9063241153.0,-1002162896.0,2391790586.0,40947.0,42394.0,-1447.0,1.198,0.8505
2024-01-24,1945485361.0,-2334200441.0,-503612098.0,39877.0,40360.0,-483.0,1.0588,1.0403
2024-01-25,28043388342.0,-750707755.0,661192774.0,43935.0,40547.0,3388.0,1.064,1.037
2024-01-26,5270702919.0,-1184956250.0,-3984640382.0,44162.0,39731.0,4431.0,1.0505,0.8909
2024-01-29,12775803525.0,1507671836.0,2631966529.0,45172.0,41797.0,3375.0,1.0443,1.2955
2024-01-30,1520977187.0,-1499064539.0,256875025.0,42133.0,41259.0,874.0,1.1317,0.9404
2024-01-31,-12446538146.0,-2193737575.0,-1737912539.0,40253.0,41779.0,-1526.0,1.0732,1.1142
2024-02-01,21987820279.0,-333385990.0,563477044.0,40052.0,43573.0,-3521.0,1.2088,1.041
2024-02-02,15166983082.0,-397116613.0,-111011257.0,38991.0,45127.0,-6136.0,1.2381,1.0277
2024-02-05,-6171955971.0,-2474335536.0,-4423167881.0,38219.0,43713.0,-5494.0,1.2149,1.0378
2024-02-06,,,,22285.0,75357.0,-53072.0,1.509,1.2209
2024-02-07,,,,22285.0,75357.0,-53072.0,1.509,1.2209
2024-02-08,,,,22285.0,75357.0,-53072.0,1.509,1.2209
2024-02-09,,,,22285.0,75357.0,-53072.0,1.509,1.2209
2024-02-12,,,,22285.0,75357.0,-53072.0,1.509,1.2209
2024-02-13,,,,22285.0,75357.0,-53072.0,1.509,1.2209
2024-02-14,,,,22285.0,75357.0,-53072.0,1.509,1.2209
2024-02-15,56256612237.0,-1068439782.0,6407989768.0,44064.0,46717.0,-2653.0,1.1898,0.78
2024-02-16,3734496267.0,-2292205685.0,5331995865.0,42342.0,49045.0,-6703.0,1.2332,1.0883
2024-02-19,-10953785660.0,-424065656.0,1938016407.0,47254.0,50725.0,-3471.0,1.2251,1.2723
2024-02-20,6378379333.0,-1305731062.0,247536803.0,51463.0,48721.0,2742.0,1.1561,1.0979
2024-02-21,-13517785226.0,-174563113.0,3756846839.0,39203.0,36782.0,2421.0,0.9389,1.0521
2024-02-22,16481023810.0,-332754442.0,7868144833.0,38764.0,35679.0,3085.0,0.9077,1.0604
2024-02-23,30829119712.0,-2469677702.0,1876866150.0,38778.0,34632.0,4146.0,0.8995,1.0651
2024-02-26,5055665701.0,-3084098131.0,1578773497.0,41051.0,34900.0,6151.0,0.8633,1.0503
2024-02-27,-12183609615.0,-2560011309.0,-5225945425.0,39266.0,35467.0,3799.0,0.9726,1.1609
2024-02-28,,,,22285.0,75357.0,-53072.0,1.509,1.2209
2024-02-29,3129707933.0,-828439651.0,5585680412.0,38077.0,34455.0,3622.0,1.0773,1.0427
2024-03-01,10270331583.0,106482499.0,-5163505623.0,34097.0,35590.0,-1493.0,1.0599,1.0681
2024-03-04,36878978338.0,7479020247.0,156904983.0,37873.0,33886.0,3987.0,1.0228,0.9414
2024-03-05,5857143564.0,2826250187.0,-1737304896.0,36859.0,33528.0,3331.0,1.0415,0.9304
2024-03-06,-1135530126.0,2611603982.0,-1615255043.0,36614.0,33281.0,3333.0,1.1222,0.8984
2024-03-07,11953421835.0,2819973892.0,-5656182360.0,35643.0,32588.0,3055.0,1.1303,0.9275
2024-03-08,43234969630.0,234502984.0,-2899333026.0,33868.0,35434.0,-1566.0,1.1539,0.9011
2024-03-11,-4607086993.0,2640693887.0,2682159963.0,31415.0,37972.0,-6557.0,1.2048,0.8751
2024-03-12,5811125888.0,780828523.0,9653941143.0,33196.0,41305.0,-8109.0,1.1848,1.0118
2024-03-13,6985113682.0,6525779824.0,-8718042638.0,31577.0,40709.0,-9132.0,1.2353,0.9625
2024-03-14,507855977.0,1387904649.0,-7022523001.0,34695.0,43293.0,-8598.0,1.2075,0.9628
2024-03-15,-11716307744.0,2089574058.0,-3993365894.0,35722.0,47420.0,-11698.0,1.203,0.936
2024-03-18,-8634560425.0,13206964623.0,392809841.0,36973.0,47377.0,-10404.0,1.1821,1.0207
2024-03-19,-21568799773.0,27893876494.0,-1369152873.0,36846.0,47822.0,-10976.0,1.2406,0.9259
2024-03-20,-26975893105.0,15842018380.0,-9813545272.0,31381.0,36169.0,-4788.0,1.2811,1.0319
2024-03-21,18364168063.0,11222002382.0,6144459638.0,35218.0,31086.0,4132.0,1.5494,1.0842
2024-03-22,2437201209.0,3600842447.0,1310470235.0,27557.0,32999.0,-5442.0,1.5534,0.8611
2024-03-25,-9264242194.0,2593797310.0,1050005825.0,27927.0,33113.0,-5186.0,1.3378,0.9619
2024-03-26,-5424924239.0,5655175623.0,-6094457664.0,28565.0,35041.0,-6476.0,1.2674,0.9612
2024-03-27,-6891064227.0,8707023383.0,1676513076.0,30377.0,33717.0,-3340.0,1.2251,0.8956
2024-03-28,-23762389939.0,23850596610.0,-260249904.0,31614.0,37343.0,-5729.0,1.2436,0.9674
2024-03-29,403500499.0,59944346921.0,-6129582426.0,33086.0,33840.0,-754.0,1.0478,0.8812
2024-04-01,-2622158164.0,2504344406.0,-2700032328.0,31147.0,35470.0,-4323.0,1.0876,1.0318
2024-04-02,7105343555.0,5067241749.0,-1688565856.0,36527.0,33215.0,3312.0,0.9319,1.0363
2024-04-03,-18189098047.0,2718566507.0,-2256336329.0,29520.0,36986.0,-7466.0,1.0293,1.1419
2024-04-04,,,,22285.0,75357.0,-53072.0,1.509,1.2209
2024-04-05,,,,22285.0,75357.0,-53072.0,1.509,1.2209
2024-04-08,-12366862551.0,3252603815.0,-1843316843.0,30242.0,36096.0,-5854.0,0.9518,1.0553
2024-04-09,20598689582.0,738790803.0,1799525694.0,37704.0,32540.0,5164.0,1.019,1.0537
2024-04-10,-257661142.0,-652950579.0,385880149.0,35077.0,36787.0,-1710.0,1.1478,1.0597
2024-04-11,-5198355836.0,-142444816.0,-1697077158.0,31607.0,44571.0,-12964.0,1.2929,1.0368
2024-04-12,-7467461216.0,802892978.0,-2355365773.0,31789.0,43798.0,-12009.0,1.2219,0.9626
2024-04-15,-27875336790.0,2755692761.0,-9803814360.0,30125.0,47928.0,-17803.0,1.255,0.9829
2024-04-16,-39494534254.0,1613397181.0,-20077570944.0,32980.0,51366.0,-18386.0,1.1368,0.9845
2024-04-17,-22215689641.0,1199187199.0,-5409680760.0,24880.0,42832.0,-17952.0,1.4004,1.0176
2024-04-18,-6659495769.0,1373316742.0,-680914061.0,24891.0,39591.0,-14700.0,1.3284,1.0075
2024-04-19,-85752714575.0,8304867605.0,-22390144867.0,21289.0,41066.0,-19777.0,1.1401,1.007
2024-04-22,-12953860420.0,7211578749.0,-5650120437.0,19216.0,35616.0,-16400.0,1.0558,1.0514
2024-04-23,1483708498.0,2969114599.0,-937997965.0,22071.0,34576.0,-12505.0,0.9877,0.9805
2024-04-24,29866770389.0,2468600214.0,7684506307.0,23526.0,36859.0,-13333.0,1.4896,0.8501
2024-04-25,-24632485532.0,3344232364.0,-2781158856.0,20704.0,37864.0,-17160.0,1.2368,0.9695
2024-04-26,20505160984.0,3430183750.0,3086528537.0,23378.0,37266.0,-13888.0,1.1286,1.0602
2024-04-29,34255586063.0,3980805325.0,4118696206.0,25304.0,40345.0,-15041.0,1.1146,1.1359
2024-04-30,2339640312.0,1855135260.0,-859540051.0,24376.0,38111.0,-13735.0,1.1334,1.0803
2024-05-01,,,,22285.0,75357.0,-53072.0,1.509,1.2209
2024-05-02,-18100909786.0,5315421149.0,-2381555049.0,21007.0,38548.0,-17541.0,1.3011,1.1134
2024-05-03,16698099727.0,2095262758.0,-1405300996.0,20366.0,39823.0,-19457.0,1.2279,0.9801
2024-05-06,21663315574.0,4854925646.0,1138334943.0,23474.0,42232.0,-18758.0,1.2974,1.0709
2024-05-07,6994765149.0,4720030288.0,410415129.0,22214.0,41439.0,-19225.0,1.2932,1.0
2024-05-08,2387820046.0,2677967194.0,-245061274.0,23782.0,39385.0,-15603.0,1.3195,0.9614
2024-05-09,-20782452326.0,2514018248.0,-2481172706.0,22185.0,39401.0,-17216.0,1.2739,1.0743
2024-05-10,16603525916.0,6456525352.0,690655066.0,24387.0,39256.0,-14869.0,1.2335,1.0716
2024-05-13,15887471707.0,3418895577.0,-4839043084.0,26439.0,40956.0,-14517.0,1.2419,1.0112
2024-05-14,,,,27521.0,37565.0,-10044.0,1.2641,1.0154
2024-05-15,26693488983.0,2039529049.0,-149673203.0,25226.0,28707.0,-3481.0,1.2364,0.9048
2024-05-16,48378688782.0,-1049972039.0,4761001567.0,25563.0,34051.0,-8488.0,1.3043,1.0373
2024-05-17,1343091143.0,7242422647.0,804287269.0,25401.0,35049.0,-9648.0,1.3291,0.9562
2024-05-20,-6551090254.0,6269341773.0,1714010614.0,27123.0,36377.0,-9254.0,1.4014,1.02
2024-05-21,-3182449784.0,363275546.0,-1999009537.0,28549.0,36784.0,-8235.0,1.3108,0.9665
2024-05-22,32110683458.0,-222772837.0,3964438338.0,33971.0,39634.0,-5663.0,1.3763,0.8834
2024-05-23,16683529203.0,2903600695.0,-198048750.0,31634.0,40359.0,-8725.0,1.2524,0.9247
2024-05-24,6062207208.0,-1296897196.0,2596979684.0,32700.0,41102.0,-8402.0,1.2625,1.0329
2024-05-27,3397584790.0,2104162708.0,6917183756.0,33291.0,42588.0,-9297.0,1.4291,1.0991
2024-05-28,-2400415858.0,-1793456902.0,1926772056.0,33583.0,43743.0,-10160.0,1.4506,1.0812
2024-05-29,-27485559842.0,-379323056.0,-1109861093.0,31788.0,47253.0,-15465.0,1.4912,1.0286
2024-05-30,-43506840322.0,-1882507201.0,-7174784045.0,32711.0,47123.0,-14412.0,1.2764,0.9972
2024-05-31,-33018811098.0,86772515.0,-7609285620.0,36210.0,50269.0,-14059.0,1.4487,1.1143
2024-06-03,2901386919.0,3227814762.0,-1260325828.0,36324.0,53023.0,-16699.0,1.4715,1.0294
2024-06-04,-20282678872.0,7102567824.0,-12557035472.0,31942.0,51031.0,-19089.0,1.5016,1.0174
2024-06-05,-18732745254.0,7041180388.0,-6345226913.0,33794.0,50240.0,-16446.0,1.6471,1.0579
2024-06-06,21500242999.0,5909611093.0,-2919020382.0,35182.0,45710.0,-10528.0,1.4804,1.0887
2024-06-07,-9854815458.0,2974861182.0,-3242384086.0,34704.0,45310.0,-10606.0,1.5549,1.1162
2024-06-10,,,,22285.0,75357.0,-53072.0,1.509,1.2209
2024-06-11,-33292279280.0,3816996443.0,-11033262274.0,29587.0,45437.0,-15850.0,1.5399,0.9675
2024-06-12,16817421899.0,1267402698.0,-2465669205.0,33007.0,44146.0,-11139.0,1.7857,0.9526
2024-06-13,32305370571.0,-352047727.0,1790220460.0,32985.0,46303.0,-13318.0,1.498,1.1157
2024-06-14,19927601608.0,337143749.0,2440640317.0,34494.0,47349.0,-12855.0,1.5159,1.1067
2024-06-17,-13544699347.0,3296866141.0,-3879616336.0,34943.0,48135.0,-13192.0,1.5788,1.2425
2024-06-18,18119583730.0,3080040427.0,-1602588968.0,37294.0,50232.0,-12938.0,1.5574,1.0537
2024-06-19,48547371425.0,4020564923.0,-3132693530.0,31922.0,43518.0,-11596.0,1.4795,0.8051
2024-06-20,22709515004.0,-792222751.0,9341789509.0,33023.0,49551.0,-16528.0,1.2706,1.1951
2024-06-21,-13792193144.0,-670285110.0,-879575451.0,31601.0,51749.0,-20148.0,1.2014,1.0571
2024-06-24,-45087762658.0,8508832130.0,-8527469139.0,29547.0,50694.0,-21147.0,1.1633,1.1443
2024-06-25,-9705292362.0,3290244208.0,-2573469146.0,29114.0,52227.0,-23113.0,1.2185,1.0854
2024-06-26,-7926849097.0,5927921627.0,1251590509.0,28735.0,54387.0,-25652.0,1.2287,1.0303
2024-06-27,-16131811503.0,2891211481.0,-3744646033.0,28227.0,52629.0,-24402.0,1.1869,1.0532
2024-06-28,9077026149.0,-775325751.0,721827213.0,29422.0,55931.0,-26509.0,1.2527,1.0789
2024-07-01,-6443882948.0,1763350988.0,423217780.0,30864.0,56808.0,-25944.0,1.1932,1.1127
2024-07-02,-24242594483.0,4755228778.0,-9985774072.0,30164.0,55139.0,-24975.0,1.2351,0.9951
2024-07-03,9423817050.0,7644364932.0,2757774418.0,29317.0,54777.0,-25460.0,1.2153,1.1105
2024-07-04,36334201075.0,4069640277.0,991961661.0,29853.0,55479.0,-25626.0,1.087,1.057
2024-07-05,-5535089168.0,1275448989.0,-4585897800.0,27560.0,56058.0,-28498.0,1.1485,1.0394
2024-07-08,-8220732155.0,1440109590.0,-7291642332.0,28109.0,57541.0,-29432.0,1.0522,1.0181
2024-07-09,-15717998958.0,4884931142.0,-8575953267.0,24335.0,59120.0,-34785.0,1.0986,0.9708
2024-07-10,-10846775163.0,3177463398.0,-414350973.0,24821.0,58449.0,-33628.0,1.1929,0.9129
2024-07-11,3214698848.0,1515929906.0,-2380505056.0,23678.0,58927.0,-35249.0,1.1099,1.0597
2024-07-12,-41655578110.0,6740058678.0,-15021380372.0,24467.0,64796.0,-40329.0,1.1947,0.8872
2024-07-15,-13159058396.0,5000282264.0,-10616873844.0,24346.0,60564.0,-36218.0,1.1634,0.9314
2024-07-16,-5278153470.0,7777900027.0,-9888954734.0,24334.0,61468.0,-37134.0,1.1689,0.9785
2024-07-17,-30381611855.0,4122093088.0,-15219778160.0,18890.0,53732.0,-34842.0,1.5672,1.0843
2024-07-18,-53351796061.0,9195616719.0,-8572493123.0,18237.0,61270.0,-43033.0,1.4663,0.9543
2024-07-19,-64358158801.0,6967445025.0,-15950090781.0,18832.0,56069.0,-37237.0,1.4504,0.8996
2024-07-22,-7753786811.0,9064131339.0,-6543510899.0,17956.0,58195.0,-40239.0,1.2836,0.8777
2024-07-23,12877482763.0,8354537072.0,-6501444656.0,20659.0,53484.0,-32825.0,1.0977,0.956
2024-07-24,,,,22285.0,75357.0,-53072.0,1.509,1.2209
2024-07-25,,,,22285.0,75357.0,-53072.0,1.509,1.2209
2024-07-26,-84417588290.0,8978283573.0,-20885412524.0,18517.0,55928.0,-37411.0,1.5874,1.1233
2024-07-29,-676990298.0,6635007006.0,-14115767042.0,18143.0,54440.0,-36297.0,1.1616,0.83
2024-07-30,-23607834670.0,9431852735.0,-7550035744.0,18307.0,57340.0,-39033.0,1.1746,0.8448
2024-07-31,-16457825465.0,6347901299.0,-5694474035.0,19315.0,56444.0,-37129.0,1.4147,0.9162
2024-08-01,18234408280.0,7628384271.0,-5371498969.0,19247.0,60589.0,-41342.0,1.2112,0.9895
2024-08-02,-94430564975.0,11269914004.0,-38014248107.0,18688.0,63788.0,-45100.0,1.1183,0.844
2024-08-05,-68774621949.0,17810097840.0,-52515230806.0,18818.0,58264.0,-39446.0,1.038,0.8147
2024-08-06,24771772421.0,13937511396.0,-11713106536.0,21454.0,56979.0,-35525.0,1.0887,0.6871
2024-08-07,-7795805122.0,10399938759.0,-1955130096.0,24475.0,56407.0,-31932.0,1.1862,0.9774
2024-08-08,-45209351236.0,7096035814.0,-11053806004.0,24700.0,56509.0,-31809.0,1.0931,0.8473
2024-08-09,25461193494.0,5039369048.0,-11299365601.0,25921.0,57927.0,-32006.0,0.9987,0.8733
2024-08-12,18766263858.0,8145578405.0,-8403085678.0,23616.0,58328.0,-34712.0,1.0,0.9265
2024-08-13,-4551149919.0,5311075574.0,-3879653196.0,23221.0,59115.0,-35894.0,1.0401,1.1213
2024-08-14,24881513902.0,4900303255.0,-7404541173.0,25718.0,58927.0,-33209.0,1.0256,1.066
2024-08-15,-691636459.0,-1994277117.0,-7562618173.0,26406.0,59558.0,-33152.0,1.0951,1.0197
2024-08-16,45340309574.0,5613986774.0,2755115555.0,26696.0,61648.0,-34952.0,1.0544,1.0285
2024-08-19,-3275443345.0,3318959100.0,-9563310090.0,27959.0,62614.0,-34655.0,1.1097,1.0461
2024-08-20,4757246052.0,2263010017.0,-8422615285.0,26344.0,61982.0,-35638.0,1.1622,0.9877
2024-08-21,-5021767692.0,449044046.0,-16509085267.0,19282.0,56283.0,-37001.0,1.4793,0.9893
2024-08-22,-6889484161.0,1532576649.0,-2971386542.0,21587.0,54677.0,-33090.0,1.2958,0.861
2024-08-23,-1950815102.0,3078861857.0,396617777.0,19671.0,54531.0,-34860.0,1.2988,0.892
2024-08-26,-5150399141.0,3007697020.0,-2929502506.0,20892.0,57881.0,-36989.0,1.1363,0.849
2024-08-27,-12796353515.0,4821148535.0,-1373563283.0,19479.0,56981.0,-37502.0,1.2499,0.8837
2024-08-28,-11546280695.0,2493023420.0,56897627.0,19696.0,56939.0,-37243.0,1.2919,0.9299
2024-08-29,-24142596279.0,3031633413.0,-3318930583.0,18526.0,55497.0,-36971.0,1.1099,0.8079
2024-08-30,-4739463391.0,4028453793.0,1169468949.0,19235.0,58789.0,-39554.0,1.1586,0.9473
2024-09-02,-12798199913.0,5098007456.0,-6867881489.0,20011.0,60463.0,-40452.0,1.097,0.8011
2024-09-03,-5971663488.0,5797650744.0,-5925936023.0,20736.0,57979.0,-37243.0,1.0582,0.833
2024-09-04,-100751844312.0,11483300370.0,-33973510637.0,18873.0,49790.0,-30917.0,1.1623,1.0197
2024-09-05,-25713841993.0,6704098046.0,-14946251158.0,21179.0,46848.0,-25669.0,0.9482,0.9175
2024-09-06,1195974712.0,5896193672.0,-7465538644.0,19885.0,47416.0,-27531.0,1.0009,1.0714
2024-09-09,-50123264824.0,8565591594.0,-11615654992.0,18504.0,46601.0,-28097.0,0.9958,1.0997
2024-09-10,-27012102327.0,2406102718.0,-7544000574.0,17832.0,44797.0,-26965.0,0.9751,0.9796
2024-09-11,-8514879212.0,6849871811.0,-4701586980.0,17981.0,45708.0,-27727.0,1.1034,1.1857
2024-09-12,36372607548.0,3856529176.0,7926666286.0,21256.0,51626.0,-30370.0,1.0539,1.0444
2024-09-13,2944555598.0,3649826444.0,-3125691973.0,23199.0,54979.0,-31780.0,1.0619,1.0267
2024-09-16,,,,23854.0,56130.0,-32276.0,0.99,0.9365
2024-09-17,,,,22285.0,75357.0,-53072.0,1.509,1.2209
2024-09-18,-15924770214.0,4588864108.0,-15578560189.0,16733.0,47210.0,-30477.0,1.1182,0.9904
2024-09-19,27106699891.0,2734743493.0,6008697977.0,19102.0,49366.0,-30264.0,1.257,1.1467
2024-09-20,23788053286.0,3416678847.0,-65455145.0,21336.0,53281.0,-31945.0,1.1349,0.982
2024-09-23,11590313001.0,4300070608.0,2899069065.0,19303.0,55165.0,-35862.0,1.0063,1.0303
2024-09-24,10546160099.0,722217048.0,2420645066.0,20374.0,52123.0,-31749.0,1.0253,0.9295
2024-09-25,34739262394.0,2145151505.0,12821334768.0,21780.0,56070.0,-34290.0,1.186,0.9839
2024-09-26,21210167525.0,538000780.0,4870289084.0,21230.0,58311.0,-37081.0,1.0191,0.997
2024-09-27,24649457628.0,977002048.0,4518800524.0,24136.0,60373.0,-36237.0,0.9566,0.8699
2024-09-30,-40340637430.0,-940516679.0,-9411366549.0,22229.0,59431.0,-37202.0,0.836,0.9602
2024-10-01,-9307641062.0,1457808774.0,-5629991500.0,21752.0,61231.0,-39479.0,0.8254,1.0399
2024-10-02,,,,22285.0,75357.0,-53072.0,1.509,1.2209
2024-10-03,,,,22285.0,75357.0,-53072.0,1.509,1.2209
2024-10-04,-22318869442.0,3447339555.0,-4185884612.0,22503.0,59503.0,-37000.0,1.1515,1.041
2024-10-07,1746515126.0,4989938448.0,3238992188.0,21579.0,63725.0,-42146.0,1.0827,1.0663
2024-10-08,-25130696662.0,3152966665.0,-8735464966.0,19156.0,60246.0,-41090.0,1.0245,0.8733
2024-10-09,13320374742.0,2160787216.0,-5879312095.0,20073.0,60523.0,-40450.0,1.0773,1.0686
2024-10-10,,,,22285.0,75357.0,-53072.0,1.509,1.2209
2024-10-11,21988528227.0,2391540218.0,-2247003423.0,23024.0,64873.0,-41849.0,0.9552,0.9717
2024-10-14,-1607699802.0,5271396653.0,274805788.0,24855.0,63926.0,-39071.0,0.9416,0.9247
2024-10-15,33428479334.0,2789142517.0,870195082.0,26468.0,65517.0,-39049.0,0.9835,1.1263
2024-10-16,-34079979432.0,-14070996.0,-2519498499.0,21018.0,53335.0,-32317.0,1.0436,1.0413
2024-10-17,-3916194907.0,1735758136.0,5977573094.0,17962.0,52378.0,-34416.0,0.9136,0.9127
2024-10-18,56620954409.0,-653770886.0,9659521042.0,22163.0,50922.0,-28759.0,0.9095,0.8363
2024-10-21,21116206203.0,2156110010.0,-489336654.0,19482.0,53061.0,-33579.0,0.8849,0.8617
2024-10-22,7857295541.0,3872638140.0,-2069485186.0,17230.0,52135.0,-34905.0,0.9717,0.9661
2024-10-23,-7893276517.0,-233436907.0,-6736676173.0,16406.0,52501.0,-36095.0,0.8831,0.8492
2024-10-24,-6685257341.0,290000515.0,-8364385315.0,15510.0,51021.0,-35511.0,0.7867,0.819
2024-10-25,17915121943.0,-1268946506.0,582881563.0,15950.0,53442.0,-37492.0,0.7391,0.8107
2024-10-28,8006262340.0,-131890082.0,-1945673558.0,14951.0,55293.0,-40342.0,0.8046,0.8714
2024-10-29,-29169609759.0,5760164808.0,-16194081396.0,14455.0,55329.0,-40874.0,0.8445,0.7989
2024-10-30,-2825018675.0,3239993950.0,-3905662210.0,15606.0,54381.0,-38775.0,0.8134,1.0705
2024-10-31,,,,22285.0,75357.0,-53072.0,1.509,1.2209
2024-11-01,-21337281281.0,5908544838.0,-6820135862.0,14375.0,53651.0,-39276.0,0.8074,0.7928
2024-11-04,-1712738279.0,3551917593.0,-5481855810.0,14602.0,53719.0,-39117.0,0.8251,1.0138
2024-11-05,9314416880.0,5558820002.0,-5330807047.0,13110.0,54416.0,-41306.0,0.8851,1.0457
2024-11-06,-2007912778.0,3739025586.0,-4938747614.0,12109.0,56734.0,-44625.0,1.2264,0.9926
2024-11-07,5435117757.0,2074040393.0,5169957521.0,12193.0,58139.0,-45946.0,1.2261,1.0733
2024-11-08,-12272057.0,3114543548.0,779406607.0,13436.0,56264.0,-42828.0,1.0955,1.0696
2024-11-11,-172795792.0,2858337374.0,-8681971024.0,10275.0,61973.0,-51698.0,1.2345,0.9151
2024-11-12,-47671175170.0,6771892656.0,-20493534727.0,10642.0,60147.0,-49505.0,1.1025,0.8243
2024-11-13,-42519495291.0,5919462922.0,-9376693907.0,12477.0,57271.0,-44794.0,0.8705,1.089
2024-11-14,-25427151819.0,5735291025.0,-16356943650.0,11433.0,58681.0,-47248.0,0.9247,0.8894
2024-11-15,5128163032.0,-7711802670.0,-6137351267.0,14280.0,59464.0,-45184.0,0.7956,0.9774
2024-11-18,-10703393837.0,3172014093.0,-12144411681.0,14451.0,61034.0,-46583.0,0.8846,0.9756
2024-11-19,10652245301.0,5400242749.0,1728367473.0,17897.0,59266.0,-41369.0,0.8406,1.0767
2024-11-20,-32148813760.0,5315987754.0,-2190342059.0,12239.0,54124.0,-41885.0,1.1523,1.1915
2024-11-21,-26352251633.0,8497414945.0,-1815949346.0,11141.0,54848.0,-43707.0,1.068,0.8715
2024-11-22,8040908897.0,4684111490.0,3452691881.0,12771.0,50973.0,-38202.0,0.9764,0.9692
2024-11-25,5215840041.0,5984041731.0,3997809993.0,12115.0,58458.0,-46343.0,0.9939,1.0261
2024-11-26,-29254619095.0,3371168545.0,-7853467219.0,11634.0,60096.0,-48462.0,1.0174,0.8026
2024-11-27,-41060965873.0,2617538027.0,-13957331988.0,12975.0,58313.0,-45338.0,0.8943,0.9674
2024-11-28,-9885475810.0,3690922987.0,-8133800012.0,12212.0,59472.0,-47260.0,0.9193,0.8915
2024-11-29,-26465086897.0,4762816001.0,-2191111449.0,12597.0,57456.0,-44859.0,0.8852,0.9559
2024-12-02,15038976308.0,4726884709.0,277713621.0,15865.0,53374.0,-37509.0,0.8197,1.0899
2024-12-03,28605096693.0,329686607.0,4504664729.0,14441.0,53276.0,-38835.0,0.887,1.1518
2024-12-04,25859900365.0,-2881244978.0,4217667937.0,13991.0,52778.0,-38787.0,0.9914,1.0614
2024-12-05,4604695924.0,-1215884511.0,-539829692.0,14579.0,52787.0,-38208.0,1.0834,1.1042
2024-12-06,2002383857.0,-2582094853.0,-1763336291.0,15880.0,52063.0,-36183.0,1.015,0.8886
2024-12-09,4205394246.0,1120952557.0,-2714924536.0,15082.0,52660.0,-37578.0,1.0025,0.9753
2024-12-10,-7014665903.0,-1430544418.0,-5736828787.0,18172.0,55562.0,-37390.0,1.0225,0.9077
2024-12-11,-17643684965.0,3851270968.0,-7594801628.0,19117.0,59085.0,-39968.0,0.9656,1.0523
2024-12-12,-1720523768.0,1067787926.0,864893383.0,20878.0,60293.0,-39415.0,0.9291,0.9944
2024-12-13,-4033620876.0,2535673449.0,-8791323764.0,19380.0,61541.0,-42161.0,0.9332,0.8483
2024-12-16,15162776576.0,1641400585.0,-9767601692.0,18780.0,59850.0,-41070.0,0.8711,0.9613
2024-12-17,3431441524.0,-318700425.0,-783228415.0,22263.0,62025.0,-39762.0,0.8073,1.0033
2024-12-18,10424341480.0,1705709794.0,-5698987733.0,16620.0,51338.0,-34718.0,0.8162,0.9425
2024-12-19,-33299867299.0,-2339796431.0,-5715018826.0,13025.0,51628.0,-38603.0,0.9006,0.8783
2024-12-20,-48677001842.0,389143506.0,-6725911555.0,11760.0,48323.0,-36563.0,0.9318,0.7825
2024-12-23,39427819503.0,135135998.0,5720740848.0,13465.0,46411.0,-32946.0,0.7498,1.1204
2024-12-24,14252231871.0,-1797728523.0,4704545142.0,12255.0,48305.0,-36050.0,0.839,0.978
2024-12-25,11115777484.0,-1504166663.0,5964666955.0,12625.0,49498.0,-36873.0,1.0534,0.9307
2024-12-26,3458815716.0,155844144.0,1899056752.0,12820.0,51503.0,-38683.0,1.0653,0.9633
2024-12-27,5475499214.0,-1797130224.0,1271789478.0,13611.0,50076.0,-36465.0,1.1449,1.0934
2024-12-30,-6485892249.0,-1281049879.0,-2800053125.0,12554.0,51807.0,-39253.0,1.1517,0.8568
2024-12-31,-18450459113.0,-1202771479.0,-3332122265.0,10700.0,52464.0,-41764.0,1.1611,0.878
2025-01-01,,,,22285.0,75357.0,-53072.0,1.509,1.2209
2025-01-02,-27397601102.0,-2222087035.0,-7881588830.0,9023.0,52279.0,-43256.0,1.0819,0.9209
2025-01-03,9168129140.0,931010125.0,1182552780.0,9809.0,49783.0,-39974.0,0.8289,0.8781
2025-01-06,52006412324.0,-1096860328.0,13460077696.0,15770.0,48632.0,-32862.0,0.8291,1.1048
2025-01-07,11320248188.0,-889274049.0,7050046265.0,18069.0,48415.0,-30346.0,0.7753,0.9375
2025-01-08,-15943442097.0,-2037849732.0,-767023205.0,17576.0,55028.0,-37452.0,0.9995,0.9618
2025-01-09,-29143635670.0,-2789611591.0,-11217421312.0,16753.0,57753.0,-41000.0,1.0104,0.841
2025-01-10,-17192952317.0,-912204455.0,-6700161377.0,15158.0,57106.0,-41948.0,1.0146,0.7813
2025-01-13,-54435782755.0,3523467613.0,-16952297646.0,15340.0,58699.0,-43359.0,0.9054,0.7666
2025-01-14,-12995034073.0,4427564256.0,-2998336177.0,13324.0,55758.0,-42434.0,0.8447,1.0044
2025-01-15,-29583200863.0,1348659625.0,-7628263507.0,11383.0,50800.0,-39417.0,1.0314,1.0454
2025-01-16,25352315094.0,-4141218843.0,8955836817.0,15832.0,52043.0,-36211.0,1.0492,1.0504
2025-01-17,13211785391.0,-1581606932.0,-756562808.0,14223.0,46086.0,-31863.0,0.9256,0.7438
2025-01-20,9159647837.0,2327497734.0,2428174616.0,14167.0,48888.0,-34721.0,0.922,0.9916
2025-01-21,259149175.0,1325942937.0,-2201838121.0,15049.0,48744.0,-33695.0,0.9254,0.911
2025-01-22,15618985734.0,767169584.0,3990834040.0,17476.0,49602.0,-32126.0,1.07,1.0093
2025-01-23,,,,22285.0,75357.0,-53072.0,1.509,1.2209
2025-01-24,,,,22285.0,75357.0,-53072.0,1.509,1.2209
2025-01-27,,,,22285.0,75357.0,-53072.0,1.509,1.2209
2025-01-28,,,,22285.0,75357.0,-53072.0,1.509,1.2209
2025-01-29,,,,22285.0,75357.0,-53072.0,1.509,1.2209
2025-01-30,,,,22285.0,75357.0,-53072.0,1.509,1.2209
2025-01-31,,,,22285.0,75357.0,-53072.0,1.509,1.2209
2025-02-03,-74379746765.0,9890099472.0,-20398561311.0,14961.0,51451.0,-36490.0,1.1283,0.9928
2025-02-04,-15256468538.0,-1814343616.0,-3899825106.0,14919.0,48984.0,-34065.0,0.845,1.0146
2025-02-05,25403258523.0,4877790362.0,2672751573.0,17410.0,49218.0,-31808.0,0.996,0.9999
2025-02-06,2896083966.0,2730147022.0,1670663525.0,18422.0,49418.0,-30996.0,0.9412,1.0723
2025-02-07,14166329151.0,1639438415.0,6304842762.0,19299.0,49161.0,-29862.0,0.8873,1.2073
2025-02-10,-18890820754.0,96602183.0,-5190779456.0,17762.0,48723.0,-30961.0,0.9318,0.9997
2025-02-11,9301893384.0,2877096866.0,-242290692.0,18347.0,49686.0,-31339.0,0.9023,1.0235
2025-02-12,2633148447.0,-3507595170.0,-61589616.0,19289.0,50503.0,-31214.0,0.9205,1.0618
2025-02-13,1077795016.0,1154301058.0,5452543429.0,20320.0,51784.0,-31464.0,0.9547,1.0184
2025-02-14,-24592652980.0,-3193639954.0,-2629582495.0,20681.0,55988.0,-35307.0,0.9567,0.907
2025-02-17,24746848628.0,4681851979.0,3455460599.0,24347.0,53831.0,-29484.0,0.8547,1.025
2025-02-18,8167386780.0,-2182902287.0,1866415669.0,26481.0,55393.0,-28912.0,0.9554,1.3062
2025-02-19,-2577155686.0,-5984721539.0,-2978939211.0,22762.0,47513.0,-24751.0,0.9232,1.0069
2025-02-20,-16797318303.0,-6449621962.0,-640529867.0,22965.0,47498.0,-24533.0,0.9348,0.9046
2025-02-21,17886537125.0,-4805264874.0,4200933832.0,22973.0,48228.0,-25255.0,0.8572,1.1517
2025-02-24,-19528331322.0,2700395161.0,-3818991440.0,18917.0,50596.0,-31679.0,0.9422,1.0711
2025-02-25,-51338521546.0,1121600076.0,-9393614366.0,17957.0,53289.0,-35332.0,0.8454,1.0388
2025-02-26,-3791490804.0,-2036484679.0,-4156060642.0,18945.0,53958.0,-35013.0,0.9258,1.1921
2025-02-27,-45109309697.0,-8000528039.0,-6765449481.0,15670.0,52389.0,-36719.0,0.8846,0.981
2025-02-28,,,,22285.0,75357.0,-53072.0,1.509,1.2209
2025-03-03,-57242311508.0,9575706213.0,-15356464426.0,13402.0,59957.0,-46555.0,0.9713,0.9956
2025-03-04,-52465267919.0,7470300467.0,-11364114154.0,14069.0,58092.0,-44023.0,0.9627,1.0855
2025-03-05,,,,15016.0,55930.0,-40914.0,0.9889,1.0792
2025-03-06,-26122240322.0,2872980415.0,-5273568006.0,14238.0,54723.0,-40485.0,0.9618,0.9705
2025-03-07,-29502032163.0,2667608011.0,-11206901198.0,14205.0,54663.0,-40458.0,0.942,0.9731
2025-03-10,-28718490139.0,4402694552.0,-10138385370.0,13920.0,56546.0,-42626.0,0.9383,1.0233
2025-03-11,-46061876346.0,6170962339.0,-21384177015.0,13327.0,59024.0,-45697.0,0.9886,0.919
2025-03-12,-17210260037.0,6042669661.0,-6665546719.0,13337.0,56746.0,-43409.0,1.0324,1.0727
2025-03-13,-23575285776.0,1718925391.0,-6683858478.0,15760.0,57492.0,-41732.0,0.8469,0.9665
2025-03-14,-10485385086.0,7509384789.0,-4497915486.0,16230.0,58107.0,-41877.0,0.8755,1.201
2025-03-17,-10305668561.0,7694027663.0,-4555425319.0,18785.0,58347.0,-39562.0,0.8382,1.0841
2025-03-18,-4575583122.0,10843717915.0,-3814816952.0,21709.0,60909.0,-39200.0,0.866,1.1483
2025-03-19,-34245694358.0,390763007.0,-4979928637.0,15254.0,51650.0,-36396.0,0.8364,1.1479
2025-03-20,22039023316.0,-441424828.0,3215499864.0,17545.0,50707.0,-33162.0,0.8405,1.03
2025-03-21,-17684809866.0,2661221181.0,-3277850781.0,14590.0,50178.0,-35588.0,0.8913,1.0431
2025-03-24,-11472387248.0,3056508896.0,-3489044458.0,14104.0,50165.0,-36061.0,0.8473,1.004
2025-03-25,6409097691.0,3452290762.0,323261297.0,15641.0,47521.0,-31880.0,0.7998,1.0927
2025-03-26,-226128246.0,3521258996.0,852996331.0,15683.0,48699.0,-33016.0,0.8192,1.101
2025-03-27,-38787163277.0,5283467735.0,-6010990035.0,14125.0,50539.0,-36414.0,0.8299,0.882
2025-03-28,-33668569880.0,3086913085.0,-16016582181.0,13875.0,50572.0,-36697.0,0.818,0.9104
2025-03-31,-37854717204.0,8165336812.0,-22036710549.0,18157.0,47470.0,-29313.0,0.8143,0.8893
2025-04-01,-4386891595.0,5344076793.0,-3911604501.0,17363.0,46748.0,-29385.0,0.868,1.226
2025-04-02,-1049361618.0,1929076363.0,-3963393228.0,19514.0,43799.0,-24285.0,0.7892,1.1616
2025-04-03,,,,22285.0,75357.0,-53072.0,1.509,1.2209
2025-04-04,,,,22285.0,75357.0,-53072.0,1.509,1.2209
2025-04-07,16821023092.0,-236394610.0,-903715031.0,18576.0,43727.0,-25151.0,0.6714,0.9829
2025-04-08,-34183001627.0,-1708643095.0,-12672290611.0,18277.0,48354.0,-30077.0,0.8571,0.632
2025-04-09,-35641379997.0,-980763959.0,-10318878646.0,19331.0,47202.0,-27871.0,0.8355,0.8318
2025-04-10,-5686895685.0,2310161752.0,-3819744248.0,23058.0,45708.0,-22650.0,0.9008,0.5921
2025-04-11,30516668815.0,9841494316.0,-8561632595.0,24440.0,47988.0,-23548.0,0.8759,0.821
2025-04-14,-18627027929.0,4843390627.0,-13256866020.0,22815.0,46698.0,-23883.0,0.8415,0.9864
2025-04-15,-489664693.0,2548763075.0,-7005275449.0,27727.0,50125.0,-22398.0,0.8561,1.1722
2025-04-16,-21007789335.0,745659610.0,-14234503797.0,16129.0,44854.0,-28725.0,0.6663,1.0224
2025-04-17,,,,15129.0,44999.0,-29870.0,0.7364,0.9831
2025-04-18,,,,16261.0,45323.0,-29062.0,0.7765,0.9813
2025-04-21,,,,18650.0,45220.0,-26570.0,0.7179,0.808
2025-04-22,-5243129009.0,-513716700.0,-5635439448.0,20010.0,47141.0,-27131.0,0.7951,1.0106
2025-04-23,26370251674.0,2988630916.0,128413286.0,21290.0,49035.0,-27745.0,0.6192,1.0812
2025-04-24,-6208837316.0,1973321186.0,-3577329545.0,18921.0,46279.0,-27358.0,0.6466,0.8139
2025-04-25,14568194329.0,4149661742.0,2739004897.0,20681.0,44379.0,-23698.0,0.6803,1.1541
2025-04-28,5866675290.0,2351778701.0,-373275497.0,19042.0,43812.0,-24770.0,0.7019,1.0368
2025-04-29,9381548288.0,185524909.0,-344053079.0,19183.0,44549.0,-25366.0,0.7376,1.0141
2025-04-30,-1656896976.0,-100884084.0,-8179530937.0,18881.0,41611.0,-22730.0,0.6517,1.0258
2025-05-01,,,,22285.0,75357.0,-53072.0,1.509,1.2209
2025-05-02,38773013562.0,868239420.0,-1057037251.0,20118.0,43031.0,-22913.0,0.7535,0.9815
2025-05-05,24440856662.0,-1223727418.0,-11162770909.0,17950.0,44109.0,-26159.0,0.811,0.9445
2025-05-06,15753975154.0,883716015.0,-11795352975.0,18527.0,49684.0,-31157.0,0.9061,0.9737
2025-05-07,13645290933.0,-2899850467.0,-9994976588.0,19556.0,50199.0,-30643.0,0.6227,0.9785
2025-05-08,1484409718.0,788265076.0,-1524555452.0,21531.0,51551.0,-30020.0,0.6417,0.8528
2025-05-09,22732275401.0,1409909060.0,-401272851.0,20668.0,53939.0,-33271.0,0.7025,0.9996
2025-05-12,16618482149.0,2632887907.0,-2104469793.0,20937.0,57684.0,-36747.0,0.8129,1.1205
2025-05-13,15156583067.0,1327064143.0,2298298295.0,19749.0,56262.0,-36513.0,0.817,0.9941
2025-05-14,44692333399.0,3192385728.0,14209188643.0,20967.0,57250.0,-36283.0,0.8289,1.0579
2025-05-15,7510831566.0,1883468175.0,-383730101.0,20419.0,57627.0,-37208.0,0.9657,1.0363
2025-05-16,15689717026.0,-3195099636.0,-607050577.0,20970.0,58177.0,-37207.0,1.0673,1.1298
2025-05-19,-13050015446.0,352816797.0,-4016070791.0,23408.0,61121.0,-37713.0,1.0882,0.8662
2025-05-20,5354952291.0,389397297.0,1408516434.0,31993.0,69837.0,-37844.0,1.1191,1.0814
2025-05-21,30231924243.0,5046246041.0,3595095630.0,21562.0,60408.0,-38846.0,0.9133,1.0067
2025-05-22,2440725883.0,4614821573.0,-4555121850.0,22266.0,62922.0,-40656.0,0.9299,0.9565
2025-05-23,-3032049629.0,6404944983.0,-6828560304.0,21597.0,61714.0,-40117.0,0.8963,0.9544
2025-05-26,13266356179.0,2530055644.0,-11829263112.0,22250.0,64007.0,-41757.0,0.9108,1.0973
2025-05-27,-10270949809.0,4204545078.0,-12652186025.0,22307.0,65814.0,-43507.0,0.977,0.9594
2025-05-28,-786893672.0,1798696776.0,-2669711233.0,22262.0,65466.0,-43204.0,0.9476,1.1014
2025-05-29,-20665895205.0,7814352765.0,6083479107.0,21510.0,68524.0,-47014.0,1.0124,0.9998
2025-05-30,,,,22285.0,75357.0,-53072.0,1.509,1.2209
2025-06-02,-53869463620.0,9709673591.0,-10539445744.0,21144.0,66537.0,-45393.0,0.9447,0.7872
2025-06-03,-13246218371.0,12632266230.0,-459828325.0,22652.0,62122.0,-39470.0,0.8728,1.1504
2025-06-04,20337523472.0,4786430300.0,3716692294.0,25042.0,62207.0,-37165.0,1.0174,1.1623
2025-06-05,66325434.0,-2361320616.0,-4017420372.0,23708.0,60806.0,-37098.0,0.8726,0.9157
2025-06-06,-13673476019.0,3727698120.0,-2455231216.0,22585.0,61126.0,-38541.0,0.8511,1.0137
2025-06-09,-69101436.0,3432096655.0,112964898.0,22939.0,61526.0,-38587.0,0.8135,1.095
2025-06-10,39925702068.0,3224348124.0,8951174745.0,25901.0,63032.0,-37131.0,0.9017,1.0838
2025-06-11,7929868757.0,4650198969.0,2141184344.0,25829.0,61559.0,-35730.0,1.0139,1.0208
2025-06-12,354421187.0,-3051000919.0,389588512.0,22900.0,61876.0,-38976.0,0.9798,0.9991
2025-06-13,-796594999.0,4980380719.0,-13524247572.0,23361.0,65361.0,-42000.0,1.0533,1.0664
2025-06-16,12914479.0,2739590859.0,-5749569400.0,23505.0,64541.0,-41036.0,1.0506,1.01
2025-06-17,6218412461.0,8317048999.0,-10178017636.0,29056.0,70457.0,-41401.0,0.9993,0.9651
2025-06-18,11611435415.0,1898247700.0,-1220767347.0,21552.0,66602.0,-45050.0,0.9254,0.9428
2025-06-19,-21298548282.0,-2075409754.0,-5294398496.0,18676.0,64062.0,-45386.0,0.8736,0.8413
2025-06-20,-4914746317.0,1252957217.0,-5829080908.0,19103.0,63564.0,-44461.0,0.9859,0.8418
2025-06-23,-14882763941.0,2976072821.0,-1339799261.0,20591.0,64388.0,-43797.0,1.0869,1.0311
2025-06-24,29265439747.0,454295004.0,4313009703.0,22222.0,65715.0,-43493.0,0.941,1.0731
2025-06-25,35596556474.0,5348838113.0,1820809035.0,22530.0,68346.0,-45816.0,0.9558,1.0038
2025-06-26,33851794801.0,-3882787776.0,-10989189199.0,23956.0,72744.0,-48788.0,0.9576,0.8511
2025-06-27,33373290402.0,2634603923.0,-15279791744.0,22618.0,75299.0,-52681.0,1.0295,0.9195
2025-06-30,-2418766199.0,-862413111.0,-671752263.0,23601.0,75602.0,-52001.0,0.9126,0.9557
2025-07-01,48251282645.0,-4692273184.0,8994023128.0,25313.0,77830.0,-52517.0,0.8358,0.8409
2025-07-02,6100099895.0,-1316321896.0,1143195294.0,21867.0,76813.0,-54946.0,0.8477,1.0265
2025-07-03,29623479139.0,-5208363247.0,5345154249.0,22377.0,73534.0,-51157.0,0.8963,1.0052
2025-07-04,554776863.0,-4618370583.0,201509896.0,20056.0,75267.0,-55211.0,1.0375,0.9338
2025-07-07,-5579015864.0,-2386741813.0,2224235894.0,18162.0,74950.0,-56788.0,0.9312,0.9169
2025-07-08,638792442.0,-133702376.0,4479211588.0,18043.0,75573.0,-57530.0,0.9732,0.9285
2025-07-09,8249323659.0,-297231786.0,2802342405.0,16670.0,75381.0,-58711.0,1.1438,1.0099
2025-07-10,10112184462.0,72774205.0,119744126.0,16897.0,73265.0,-56368.0,1.1462,1.0486
2025-07-11,17055333325.0,-2202313892.0,2800161148.0,16583.0,74075.0,-57492.0,1.0624,1.1095
2025-07-14,-2745762260.0,-990359158.0,-7735292096.0,15888.0,75761.0,-59873.0,1.1217,0.912
2025-07-15,18552334347.0,-450513764.0,3371205512.0,20444.0,75796.0,-55352.0,1.1833,1.0867
2025-07-16,13904455627.0,2531636541.0,7860562655.0,16792.0,70188.0,-53396.0,0.7673,1.0212
2025-07-17,491458351.0,-874370364.0,10311151830.0,18670.0,70887.0,-52217.0,0.8061,1.0613
2025-07-18,31007550251.0,3375993489.0,7516888358.0,19259.0,67269.0,-48010.0,0.696,0.9745
2025-07-21,4129645295.0,-2887288583.0,2086223889.0,18223.0,64779.0,-46556.0,0.7337,0.9243
2025-07-22,10024486454.0,-2521022464.0,4296291125.0,20179.0,64773.0,-44594.0,0.7202,0.9732
2025-07-23,8431688850.0,-1192160484.0,10716235115.0,19143.0,66984.0,-47841.0,0.8601,1.0206
2025-07-24,10152845989.0,-755461310.0,3312637410.0,19288.0,67218.0,-47930.0,0.9267,0.9235
2025-07-25,7361205242.0,2031030521.0,1087240164.0,20113.0,67530.0,-47417.0,0.7946,0.9353
2025-07-28,4675390630.0,3448784246.0,5324652699.0,21261.0,66240.0,-44979.0,0.8709,1.0099
2025-07-29,-16533219311.0,3837859356.0,6568820903.0,21498.0,62374.0,-40876.0,0.9313,0.8928
2025-07-30,14112204090.0,1437205201.0,5373767118.0,22950.0,60781.0,-37831.0,0.9683,0.9726
2025-07-31,9388571808.0,17825528.0,8399137399.0,26613.0,60257.0,-33644.0,0.9334,0.9726
2025-08-01,-7033238508.0,800724259.0,371874591.0,19393.0,58930.0,-39537.0,0.8988,0.9419
2025-08-04,11303634679.0,2305202788.0,-9852579953.0,19178.0,58258.0,-39080.0,0.8967,0.9192
2025-08-05,11487780180.0,3666838413.0,4525435064.0,22761.0,58090.0,-35329.0,0.8906,1.131
2025-08-06,-10820572461.0,1809040245.0,-2486144952.0,20044.0,56424.0,-36380.0,0.9946,0.9389
2025-08-07,43239484056.0,1116606178.0,5518650529.0,24437.0,59226.0,-34789.0,1.0082,1.0607
2025-08-08,-3256238186.0,-1861859628.0,1292549715.0,21099.0,58689.0,-37590.0,0.9971,0.9962
2025-08-11,-3985502559.0,428896562.0,3574496743.0,21672.0,57247.0,-35575.0,0.9117,0.9243
2025-08-12,-5731106152.0,-61610845.0,478638979.0,21633.0,56935.0,-35302.0,0.9144,0.9394
2025-08-13,7036580411.0,-1502399863.0,2877054062.0,22724.0,56294.0,-33570.0,0.8683,1.0345
2025-08-14,-4460109509.0,-2045083709.0,3884184380.0,21900.0,56279.0,-34379.0,0.9978,1.0497
2025-08-15,5373846115.0,-3356859132.0,2575066671.0,20968.0,55175.0,-34207.0,0.9967,0.9955
2025-08-18,4638950093.0,1731672993.0,7867966.0,26199.0,55825.0,-29626.0,1.0224,1.0879
2025-08-19,-11007665546.0,-1642414216.0,-6109036859.0,27019.0,59652.0,-32633.0,1.0947,1.0099
2025-08-20,-62668571933.0,-2734736666.0,-3624829038.0,17105.0,52248.0,-35143.0,0.9729,1.0145
2025-08-21,-10078910548.0,1604056355.0,2406528593.0,19173.0,49560.0,-30387.0,1.0166,1.0491
2025-08-22,-16397993687.0,-1163084639.0,-1027445143.0,21716.0,48451.0,-26735.0,0.9899,1.0813
2025-08-25,24114791914.0,3231606250.0,5733999926.0,21711.0,47320.0,-25609.0,1.0165,1.2002
2025-08-26,-14508100864.0,-2425226828.0,3323825855.0,20592.0,47724.0,-27132.0,1.0394,1.1261
2025-08-27,-1947570889.0,-1647591422.0,11064706383.0,22813.0,47584.0,-24771.0,1.067,0.9887
2025-08-28,-9520531049.0,-2760035692.0,-1348886999.0,21168.0,47255.0,-26087.0,1.1419,0.9274
2025-08-29,-8635002338.0,-335109173.0,333746492.0,21342.0,47651.0,-26309.0,1.08,1.0259
2025-09-01,-7666900296.0,-3059842787.0,-10867114741.0,21375.0,48039.0,-26664.0,1.0451,0.9362
2025-09-02,7786239530.0,-6102683470.0,-586657105.0,23319.0,47614.0,-24295.0,1.1057,1.0483
2025-09-03,8199762036.0,-637699825.0,2420808288.0,23273.0,48061.0,-24788.0,1.0679,1.1557
2025-09-04,11808136125.0,-1545453579.0,1371151322.0,23910.0,47413.0,-23503.0,1.1108,1.2355
2025-09-05,28281116909.0,-433975608.0,5177669421.0,25250.0,46554.0,-21304.0,1.0769,1.1642
2025-09-08,14618525216.0,-1220126071.0,2598212260.0,25384.0,47383.0,-21999.0,1.3024,1.2154
2025-09-09,35653694959.0,-1782067231.0,4655266115.0,28521.0,47313.0,-18792.0,1.2439,1.1972
2025-09-10,48947944283.0,-2727385240.0,11453485300.0,32440.0,50253.0,-17813.0,1.0593,0.9676
2025-09-11,32999661731.0,-6271656501.0,1773285798.0,35061.0,51378.0,-16317.0,0.9698,0.974
2025-09-12,26538500007.0,-5810072034.0,4941993693.0,33002.0,51560.0,-18558.0,1.081,1.1774
2025-09-15,2546248589.0,-8246829092.0,996743279.0,31187.0,50083.0,-18896.0,1.1799,1.1756
2025-09-16,27003531062.0,-4513790695.0,1101546303.0,30363.0,48607.0,-18244.0,1.2732,1.1554
2025-09-17,-5734012058.0,-5314277279.0,-586369846.0,24198.0,43060.0,-18862.0,1.1617,0.9489
2025-09-18,12153720716.0,-4987795065.0,10062482611.0,25411.0,43963.0,-18552.0,1.4191,1.142
2025-09-19,-15745036443.0,-1937327805.0,5414707124.0,26660.0,44263.0,-17603.0,0.9723,1.0278
2025-09-22,-6650808558.0,-5264117265.0,7763768812.0,25588.0,42827.0,-17239.0,1.19,1.1392
2025-09-23,10638719207.0,-1569628564.0,3205508461.0,26491.0,42691.0,-16200.0,1.0932,0.9672
2025-09-24,-12950186461.0,-8566887088.0,6951114347.0,23983.0,43900.0,-19917.0,1.1961,1.0724
2025-09-25,106720086.0,-1741264243.0,7017372982.0,22398.0,44177.0,-21779.0,1.1936,1.0354
2025-09-26,-25157852509.0,-5652013477.0,-4525692203.0,20928.0,46047.0,-25119.0,1.1468,1.0327
2025-09-29,,,,22285.0,75357.0,-53072.0,1.509,1.2209
2025-09-30,6550967708.0,696563422.0,5994898226.0,22485.0,44415.0,-21930.0,1.303,1.1299
2025-10-01,12664964009.0,633133899.0,3297003911.0,21328.0,43677.0,-22349.0,1.2331,1.0426
2025-10-02,23409818512.0,237157488.0,8823012020.0,21563.0,44750.0,-23187.0,1.2765,1.0866
2025-10-03,16959990133.0,-1689575342.0,6050341267.0,23773.0,44625.0,-20852.0,1.2193,0.9565
2025-10-06,,,,22285.0,75357.0,-53072.0,1.509,1.2209
2025-10-07,676562801.0,-6712400915.0,11367965340.0,23925.0,47626.0,-23701.0,1.224,1.1473
2025-10-08,-14094387269.0,-4346217344.0,3125885776.0,19719.0,50124.0,-30405.0,1.3332,0.9825
2025-10-09,4451256397.0,-2371509167.0,6033295063.0,23216.0,51968.0,-28752.0,1.34,1.0933
2025-10-10,,,,22285.0,75357.0,-53072.0,1.509,1.2209
2025-10-13,-56312754939.0,-727586554.0,-10807071417.0,19592.0,52653.0,-33061.0,1.2691,1.0893
2025-10-14,-16348769283.0,-1875833093.0,-6248507878.0,20750.0,48194.0,-27444.0,1.0506,0.9859
2025-10-15,-15100216875.0,-1037201550.0,3177280148.0,19516.0,41187.0,-21671.0,1.1846,0.9917
2025-10-16,12959197265.0,200305686.0,10611204633.0,19964.0,41999.0,-22035.0,1.1946,1.0647
2025-10-17,-21997157761.0,-5764756289.0,-3855028422.0,16979.0,42565.0,-25586.0,1.0758,0.9527
2025-10-20,14222590437.0,-2992595188.0,5873713719.0,17104.0,42355.0,-25251.0,1.2593,1.186
2025-10-21,-240714297.0,-3889235937.0,8554849944.0,18684.0,41966.0,-23282.0,1.1946,1.0019
2025-10-22,-22407410493.0,-2306397931.0,2750619314.0,16010.0,42105.0,-26095.0,1.2517,1.0282
2025-10-23,-23942493081.0,-1100436637.0,249528620.0,16016.0,40323.0,-24307.0,1.0698,0.9329
2025-10-24,,,,22285.0,75357.0,-53072.0,1.509,1.2209
2025-10-27,32639212655.0,-3045273794.0,21567895025.0,17910.0,42121.0,-24211.0,1.1133,0.9818
2025-10-28,-27113846791.0,618383184.0,2534608111.0,16317.0,43771.0,-27454.0,1.1452,0.8991
2025-10-29,7188118436.0,-4813902331.0,8613137795.0,18655.0,43076.0,-24421.0,0.9995,0.9712
2025-10-30,1655522597.0,-5433478960.0,473652176.0,18258.0,43004.0,-24746.0,0.9409,0.9411
2025-10-31,-28396614914.0,-3478817647.0,7481409020.0,19663.0,42599.0,-22936.0,1.0164,0.9177
2025-11-03,-8445597152.0,-24999420.0,-4493283.0,17236.0,45116.0,-27880.0,1.1623,0.9917
2025-11-04,-7631187320.0,3644389392.0,-6840707173.0,16846.0,44688.0,-27842.0,1.161,0.989
2025-11-05,-57527398939.0,-1402487077.0,-6161215440.0,15145.0,47233.0,-32088.0,1.0398,0.987
2025-11-06,-5161228109.0,2713254081.0,4390237447.0,17162.0,47079.0,-29917.0,1.0199,1.0702
2025-11-07,-35356498169.0,-1389320008.0,-10584156767.0,16556.0,47376.0,-30820.0,0.9952,0.9603
2025-11-10,-5291526198.0,3037382623.0,3706517573.0,17333.0,47922.0,-30589.0,1.0141,0.9523
2025-11-11,-17367623754.0,2337032235.0,-4786115119.0,17165.0,48695.0,-31530.0,1.0594,0.9616
2025-11-12,-8484304834.0,-2448349841.0,3437700300.0,19241.0,49205.0,-29964.0,1.0554,1.0182
2025-11-13,-6635665606.0,-972024239.0,1589238899.0,18387.0,49901.0,-31514.0,1.2678,1.0675
2025-11-14,-60399178503.0,-4741432411.0,-18839255538.0,18329.0,52924.0,-34595.0,1.2099,0.9803
2025-11-17,7335242780.0,-8695463296.0,-14699345762.0,19298.0,50824.0,-31526.0,1.2943,1.003
2025-11-18,-48537891970.0,-3190317648.0,-19141988967.0,16232.0,51279.0,-35047.0,1.4138,0.9466
2025-11-19,-25689012839.0,1075226767.0,-8068015510.0,15392.0,46439.0,-31047.0,1.4545,1.1105
2025-11-20,13106672651.0,1342394479.0,5526616773.0,18243.0,42410.0,-24167.0,1.1408,1.0492
2025-11-21,-91599036019.0,-1023771260.0,-15273985905.0,15579.0,48787.0,-33208.0,1.156,0.9224
2025-11-24,-29955849627.0,-688614563.0,1515241196.0,17426.0,48612.0,-31186.0,1.141,0.9277
2025-11-25,6338446345.0,-2034450321.0,2910545015.0,17872.0,47576.0,-29704.0,1.0544,1.0579
2025-11-26,12422608882.0,12021952422.0,-1702727350.0,19514.0,48171.0,-28657.0,1.3319,1.0923
2025-11-27,13452960146.0,7645285077.0,2931793576.0,19133.0,47094.0,-27961.0,1.3078,1.1911
2025-11-28,-19469555406.0,4846350911.0,11699486639.0,20704.0,47025.0,-26321.0,1.3086,1.1927
2025-12-01,-24349235260.0,7669838520.0,-2190365967.0,18268.0,47300.0,-29032.0,1.4663,1.0375
2025-12-02,13575293316.0,1324853968.0,3442989139.0,18502.0,46865.0,-28363.0,1.3888,1.0812
2025-12-03,16214806020.0,1404423040.0,3864197913.0,18808.0,48032.0,-29224.0,1.5624,1.0591
2025-12-04,10345999632.0,-651930842.0,1305565610.0,19214.0,48653.0,-29439.0,1.4277,0.9352
2025-12-05,36878028912.0,-505387079.0,5648880587.0,21744.0,48567.0,-26823.0,1.3418,0.975
2025-12-08,14087614446.0,150345516.0,4963908588.0,22295.0,49758.0,-27463.0,1.3362,1.1504
2025-12-09,-5888471251.0,-606058974.0,2120928550.0,20194.0,51621.0,-31427.0,1.3305,1.0009
2025-12-10,19607451411.0,1839673496.0,5261422253.0,21765.0,50394.0,-28629.0,1.3411,0.9623
2025-12-11,-18976810065.0,2101997667.0,-2489201839.0,21050.0,52058.0,-31008.0,1.3049,0.8895
2025-12-12,16623924500.0,1347533033.0,7421292106.0,22121.0,51153.0,-29032.0,1.4704,1.0787
2025-12-15,-48994972132.0,-2123208168.0,-3655615199.0,20312.0,53998.0,-33686.0,1.2145,0.9658
2025-12-16,-59500908751.0,3631124945.0,-14923972559.0,17364.0,51577.0,-34213.0,1.1383,0.9432
2025-12-17,-35433545584.0,797557087.0,10991187292.0,16177.0,45209.0,-29032.0,1.2025,1.1999
2025-12-18,-27005389358.0,3607095298.0,7134767014.0,16867.0,45598.0,-28731.0,0.9153,0.9843
2025-12-19,-124354784.0,4348688134.0,7539326612.0,20240.0,44668.0,-24428.0,1.0094,1.1225
2025-12-22,22621542928.0,1119460399.0,15830505209.0,20106.0,45958.0,-25852.0,1.0832,1.2178
2025-12-23,-8174762559.0,1794857858.0,8136437179.0,20004.0,45445.0,-25441.0,1.1535,1.1558
2025-12-24,-3801817255.0,-4704776318.0,9796586860.0,21338.0,45822.0,-24484.0,1.2302,1.0578
2025-12-25,,,,22285.0,75357.0,-53072.0,1.509,1.2209
2025-12-26,8417223242.0,-5255128057.0,6529514026.0,22479.0,45955.0,-23476.0,1.1661,0.9549
2025-12-29,9509908064.0,-1306980775.0,6818662297.0,24408.0,46581.0,-22173.0,1.3046,1.1021
2025-12-30,4472379809.0,-4003140993.0,2210290672.0,21047.0,47306.0,-26259.0,1.3504,1.0606
2025-12-31,-518748905.0,-2874154596.0,-3362385126.0,20994.0,46053.0,-25059.0,1.4072,0.8951
2026-01-01,,,,22285.0,75357.0,-53072.0,1.509,1.2209
2026-01-02,12017853596.0,-4190433088.0,11235707441.0,23061.0,46215.0,-23154.0,1.2487,0.9353
2026-01-05,-7643473164.0,-311010683.0,10749337957.0,23747.0,48848.0,-25101.0,1.3041,1.1488
2026-01-06,2841412934.0,-2779282421.0,9197879871.0,21970.0,51490.0,-29520.0,1.3493,1.0867
2026-01-07,-29509905222.0,-8213565376.0,2278790510.0,22073.0,51495.0,-29422.0,1.3899,0.9894
2026-01-08,-678489220.0,-5533429874.0,-5275896688.0,22422.0,48469.0,-26047.0,1.2721,0.9542
2026-01-09,-8442363369.0,-4728599177.0,1948437362.0,22795.0,49378.0,-26583.0,1.2863,0.9466
2026-01-12,-12166567091.0,-10000119015.0,7671586285.0,23261.0,50153.0,-26892.0,1.2265,1.1436
2026-01-13,15741315371.0,-6772933457.0,3870571836.0,23109.0,53226.0,-30117.0,1.3259,1.0491
2026-01-14,13282502115.0,-6511675220.0,7113098768.0,23313.0,57270.0,-33957.0,1.5062,1.0296
2026-01-15,-210224483.0,-2779111513.0,-5843268259.0,23635.0,58765.0,-35130.0,1.2518,0.9159
2026-01-16,39916564467.0,-7719604109.0,5054434102.0,26095.0,59344.0,-33249.0,1.4612,0.9433
2026-01-19,-27794762468.0,-13122703996.0,-5300507794.0,22781.0,56507.0,-33726.0,1.2543,0.9681
2026-01-20,-3983496875.0,-8799345593.0,-2931907087.0,21969.0,54644.0,-32675.0,1.3308,1.1352
2026-01-21,-44568289093.0,-17508438068.0,-15560522274.0,20490.0,44963.0,-24473.0,1.671,1.0578
2026-01-22,19278125481.0,-1918073606.0,7042295015.0,20380.0,44673.0,-24293.0,1.4969,1.1572
2026-01-23,23208504577.0,-837591190.0,4687425919.0,21267.0,43933.0,-22666.0,1.9203,1.0322
2026-01-26,-1492774680.0,-4126731033.0,-3321537471.0,17833.0,44360.0,-26527.0,1.9168,1.0584
2026-01-27,22278875956.0,-5018348773.0,5315618657.0,19233.0,44551.0,-25318.0,1.6354,1.1144
2026-01-28,33275865867.0,-1387712336.0,-1846811846.0,18558.0,46490.0,-27932.0,1.8347,1.0485
2026-01-29,14659217084.0,-2959104359.0,-13416003792.0,17591.0,50293.0,-32702.0,1.7086,0.9159
2026-01-30,-51239194984.0,-3302144713.0,-9392862410.0,17509.0,50179.0,-32670.0,1.7028,0.9601
2026-02-02,-48050347608.0,4953294385.0,-10497749268.0,21490.0,49163.0,-27673.0,1.387,0.8749
2026-02-03,7267812207.0,10617248361.0,-6891888982.0,22831.0,49327.0,-26496.0,1.3922,1.1532
2026-02-04,12066044162.0,5820723412.0,-1669592243.0,22837.0,48536.0,-25699.0,1.796,1.0427
2026-02-05,-72694499199.0,3159777411.0,-20876911640.0,23294.0,50037.0,-26743.0,1.7127,0.9604
2026-02-06,-7152994630.0,6763863326.0,-18886144763.0,22080.0,47182.0,-25102.0,1.6655,0.9946
2026-02-09,24768616529.0,895780272.0,10677765292.0,24970.0,48555.0,-23585.0,1.6213,1.0478
2026-02-10,55710830864.0,4665630350.0,2827656480.0,29343.0,54227.0,-24884.0,1.608,0.9565
2026-02-11,52360064736.0,4093084962.0,1372730210.0,29426.0,57091.0,-27665.0,1.8433,0.8469
2026-02-12,,,,22285.0,75357.0,-53072.0,1.509,1.2209
2026-02-13,,,,22285.0,75357.0,-53072.0,1.509,1.2209
2026-02-16,,,,22285.0,75357.0,-53072.0,1.509,1.2209
2026-02-17,,,,22285.0,75357.0,-53072.0,1.509,1.2209
2026-02-18,,,,22285.0,75357.0,-53072.0,1.509,1.2209
2026-02-19,,,,22285.0,75357.0,-53072.0,1.509,1.2209
2026-02-20,,,,22285.0,75357.0,-53072.0,1.509,1.2209
2026-02-23,8352180152.0,-1997231922.0,-11472072497.0,20336.0,51188.0,-30852.0,1.4918,0.9947
2026-02-24,62733556548.0,6159076294.0,15348667147.0,23438.0,52810.0,-29372.0,1.7481,1.2174
2026-02-25,41148172059.0,5120184290.0,-3830386664.0,22000.0,57753.0,-35753.0,1.6549,0.9703
2026-02-26,-10563922762.0,-1058302674.0,-1798563098.0,21917.0,58085.0,-36168.0,1.5114,0.9552
2026-02-27,,,,22285.0,75357.0,-53072.0,1.509,1.2209
2026-03-02,-38988677076.0,8321507628.0,-12547078537.0,18093.0,59367.0,-41274.0,1.4674,0.9155
2026-03-03,-94708130956.0,3922050289.0,-24716371584.0,19351.0,59772.0,-40421.0,1.4688,1.0205
2026-03-04,-96615044471.0,6764037949.0,-40002593641.0,19134.0,60767.0,-41633.0,1.7715,1.1158
2026-03-05,-51495123598.0,14603238777.0,-8774505577.0,15797.0,56931.0,-41134.0,1.6425,0.9964
2026-03-06,-35236485371.0,7123296274.0,-748120460.0,16819.0,55749.0,-38930.0,1.7645,1.0237
2026-03-09,-120817164664.0,13571184696.0,-58638707129.0,13164.0,53626.0,-40462.0,1.4024,0.8677
2026-03-10,-25085977065.0,13059184019.0,-3466374656.0,14595.0,51451.0,-36856.0,1.3466,1.2006
2026-03-11,37180947646.0,4054142287.0,10774365760.0,14944.0,55902.0,-40958.0,1.6783,1.1393
2026-03-12,-71127587063.0,-751989349.0,-9197027060.0,12194.0,55258.0,-43064.0,1.7131,1.1246
2026-03-13,-58017304543.0,-43705864.0,-9281221622.0,12916.0,53263.0,-40347.0,1.721,1.0273
2026-03-16,-43825438238.0,324836504.0,-3429648744.0,13733.0,52245.0,-38512.0,1.6935,1.0971
2026-03-17,472382101.0,205793712.0,9095273960.0,16754.0,52912.0,-36158.0,1.6283,1.1415
2026-03-18,9020754435.0,-288069117.0,9963133604.0,13055.0,47604.0,-34549.0,1.7265,1.0755
2026-03-19,-90947630537.0,-346138360.0,-11133581065.0,9789.0,50614.0,-40825.0,1.5264,1.0867
2026-03-20,-40311039107.0,1057706848.0,-10104918151.0,10562.0,46928.0,-36366.0,1.7443,1.1477
2026-03-23,-83922601792.0,10534823636.0,-31111668742.0,8931.0,46648.0,-37717.0,1.4689,1.0152
2026-03-24,-12305739413.0,2379609569.0,-10484581290.0,10873.0,44981.0,-34108.0,1.3496,1.1279
2026-03-25,37474763788.0,1158480690.0,13142380223.0,9961.0,45908.0,-35947.0,1.6908,1.1186
2026-03-26,-7920352703.0,4743193007.0,3294779493.0,10102.0,47167.0,-37065.0,1.435,1.0992
2026-03-27,-36355548400.0,-188001279.0,-1795380199.0,8029.0,47948.0,-39919.0,1.6004,0.9959
2026-03-30,-63936723763.0,3206518834.0,-13398676874.0,8986.0,46268.0,-37282.0,1.5808,0.991
2026-03-31,-80745514607.0,3203576857.0,-21016682536.0,10045.0,47259.0,-37214.0,1.506,1.0031
2026-04-01,23251318053.0,10138534820.0,21619633328.0,14923.0,46296.0,-31373.0,1.5075,1.1112
2026-04-02,-38695561840.0,8424381929.0,-6988539906.0,11742.0,46597.0,-34855.0,1.6121,1.1337
2026-04-03,,,,22285.0,75357.0,-53072.0,1.509,1.2209
2026-04-06,,,,22285.0,75357.0,-53072.0,1.509,1.2209
2026-04-07,10096606744.0,4356643821.0,7032785481.0,14038.0,45388.0,-31350.0,1.4409,1.1968
2026-04-08,117772619736.0,4720132160.0,35867997248.0,14559.0,47037.0,-32478.0,1.189,1.0012
2026-04-09,31779629982.0,1356987590.0,6195953627.0,13893.0,47292.0,-33399.0,1.1911,1.1028
2026-04-10,28808271208.0,-4301105584.0,12258155838.0,13115.0,47518.0,-34403.0,1.3792,0.9906
2026-04-13,-16178656824.0,6049522946.0,3988528747.0,15086.0,51082.0,-35996.0,1.4494,1.2516
2026-04-14,68907903398.0,-5997892900.0,5520697751.0,16327.0,52991.0,-36664.0,1.5475,1.2121
2026-04-15,55350193810.0,-8893858129.0,-5031206313.0,16346.0,53129.0,-36783.0,1.4215,1.0083
2026-04-16,44007512110.0,-2741888881.0,11845452957.0,16924.0,56607.0,-39683.0,1.3242,1.2505
2026-04-17,-2039543335.0,-8402959512.0,-3564853588.0,18245.0,59396.0,-41151.0,1.2849,0.9427
2026-04-20,4346379017.0,-2031088234.0,-4842483699.0,18280.0,60898.0,-42618.0,1.2056,1.0604
2026-04-21,60153727909.0,8059253703.0,-713385552.0,20082.0,61377.0,-41295.0,1.1067,1.2367
2026-04-22,11609397320.0,3713321157.0,738013793.0,19557.0,62112.0,-42555.0,1.2956,1.0613
2026-04-23,-2754993997.0,1356182124.0,-19190453441.0,18185.0,62212.0,-44027.0,1.1605,0.8976
2026-04-24,43907871828.0,2217080841.0,8878366186.0,20056.0,60689.0,-40633.0,1.3934,1.1085
2026-04-27,-51196158919.0,14501538803.0,-10542927790.0,18523.0,62746.0,-44223.0,1.1593,1.1298
2026-04-28,-39298034950.0,5641669506.0,351644222.0,17922.0,63791.0,-45869.0,1.1191,1.2231
2026-04-29,-48147448725.0,2128326015.0,-1599118631.0,18063.0,65137.0,-47074.0,1.5793,1.0284
2026-04-30,-53561725108.0,1083212776.0,-788869584.0,19569.0,63613.0,-44044.0,1.5018,1.0868
2026-05-01,,,,22285.0,75357.0,-53072.0,1.509,1.2209
2026-05-04,66975700753.0,2028457546.0,8940601136.0,21596.0,65100.0,-43504.0,1.4745,1.1467
2026-05-05,3990267133.0,3726924984.0,-10087243816.0,20156.0,68843.0,-48687.0,1.5035,1.2683
2026-05-06,75104907794.0,1521231925.0,-9610610632.0,19078.0,70045.0,-50967.0,1.6685,1.1307
2026-05-07,46411526570.0,15052328712.0,-4142266447.0,20333.0,71465.0,-51132.0,1.6179,1.2952
2026-05-08,-12084537571.0,1957298675.0,-10036729717.0,20593.0,75123.0,-54530.0,1.6875,1.1958
2026-05-11,-10983504002.0,12488284112.0,3730314797.0,21382.0,75607.0,-54225.0,1.4994,1.1919
2026-05-18,-45240962622.0,16664751995.0,-13926385802.0,21791.0,66787.0,-44996.0,1.4568,1.0563
2026-05-19,-63234953627.0,8166572955.0,-22351525432.0,21448.0,66824.0,-45376.0,1.3411,1.053
2026-05-20,-46620615982.0,10208758587.0,-19569931578.0,18699.0,61443.0,-42744.0,1.4681,1.0342
2026-05-21,60340682960.0,5380299112.0,19596093032.0,17834.0,62288.0,-44454.0,1.3871,1.3046
2026-05-22,76136532653.0,11225786560.0,19476325868.0,16747.0,63230.0,-46483.0,1.5913,1.0096
2026-05-26,,,,15813.0,70204.0,-54391.0,1.4073,1.2218
2026-05-27,38127903304.0,-4219051039.0,-3130647620.0,15979.0,72281.0,-56302.0,1.9802,1.1191
2026-05-28,-38136681812.0,-6206044668.0,-15038347857.0,16585.0,74781.0,-58196.0,1.8412,1.1189
2026-05-29,80145461140.0,7018067618.0,15607209549.0,15766.0,76416.0,-60650.0,2.3523,1.1456
2026-06-01,36817371952.0,7758630147.0,-6508599147.0,16134.0,80807.0,-64673.0,1.7812,1.3117
2026-06-02,10842948180.0,2820321473.0,-15768188108.0,15432.0,82450.0,-67018.0,1.5417,1.1127
2026-06-03,43396335647.0,5551570132.0,2596766242.0,15473.0,82245.0,-66772.0,2.0996,1.1469
2026-06-04,-75685430944.0,4169222789.0,-21366533747.0,15138.0,84614.0,-69476.0,1.7479,0.9638
2026-06-05,-82631158863.0,1620186439.0,-28430714775.0,12857.0,82003.0,-69146.0,2.0175,1.0129
2026-06-08,-93851546891.0,8775725700.0,-49146842947.0,11990.0,77491.0,-65501.0,1.6359,0.8922
2026-06-09,-91733415946.0,23283537434.0,-6691674226.0,9344.0,71215.0,-61871.0,1.3706,1.0855
2026-06-10,-93573711945.0,16696218878.0,-40551493313.0,9129.0,71078.0,-61949.0,1.6607,1.1058
2026-06-11,-35779281338.0,12788433307.0,-12400160730.0,8969.0,72137.0,-63168.0,1.4782,1.0632
2026-06-12,,,,9318.0,74357.0,-65039.0,1.5849,1.0114
2026-06-15,46531920437.0,6443965719.0,12523717107.0,12920.0,79654.0,-66734.0,1.6274,1.3607
2026-06-16,40798197749.0,11823660943.0,6088769903.0,11803.0,81650.0,-69847.0,1.5201,1.2769
2026-06-17,-20683737771.0,-206062001.0,-4268862356.0,9996.0,77390.0,-67394.0,1.4803,1.0608
2026-06-18,21146738929.0,-5356809071.0,15488273119.0,10085.0,78422.0,-68337.0,1.3019,1.2311
2026-06-22,68457583377.0,-10517908392.0,12103769330.0,11004.0,81294.0,-70290.0,1.6593,1.2164
